"id","damaged"
11254,0.5
27716,0.5
29066,0.5
3373,0.5
1996,0.5
18061,0.5
22237,0.5
25346,0.5
21554,0.5
4273,0.5
28000,0.5
10137,0.5
11619,0.5
20372,0.5
29876,0.5
1678,0.5
29503,0.5
13479,0.5
22043,0.5
10841,0.5
14442,0.5
21870,0.5
13895,0.5
11434,0.5
12483,0.5
25843,0.5
6906,0.5
23577,0.5
16246,0.5
27705,0.5
16345,0.5
18997,0.5
23284,0.5
11687,0.5
4538,0.5
20146,0.5
4966,0.5
25661,0.5
28408,0.5
15074,0.5
4441,0.5
15220,0.5
19333,0.5
25959,0.5
1903,0.5
26367,0.5
4679,0.5
5870,0.5
20320,0.5
1765,0.5
14603,0.5
10855,0.5
20946,0.5
14055,0.5
28401,0.5
4748,0.5
27808,0.5
5500,0.5
13748,0.5
2665,0.5
16895,0.5
10454,0.5
2286,0.5
5276,0.5
26394,0.5
17657,0.5
13998,0.5
19035,0.5
8030,0.5
9153,0.5
1460,0.5
7470,0.5
11646,0.5
20548,0.5
29927,0.5
10446,0.5
28336,0.5
12519,0.5
12683,0.5
22128,0.5
15736,0.5
4135,0.5
18272,0.5
633,0.5
21284,0.5
27676,0.5
16538,0.5
22917,0.5
29734,0.5
29401,0.5
26671,0.5
12136,0.5
13019,0.5
19519,0.5
22874,0.5
17518,0.5
21246,0.5
27522,0.5
12973,0.5
27156,0.5
16216,0.5
18287,0.5
2204,0.5
9577,0.5
13678,0.5
16611,0.5
27,0.5
23248,0.5
18034,0.5
16224,0.5
15621,0.5
27763,0.5
28448,0.5
10857,0.5
10674,0.5
15286,0.5
7107,0.5
25950,0.5
13134,0.5
16507,0.5
10229,0.5
14244,0.5
11166,0.5
22635,0.5
11241,0.5
20956,0.5
20830,0.5
839,0.5
21927,0.5
15480,0.5
21201,0.5
12188,0.5
1904,0.5
3569,0.5
5122,0.5
17116,0.5
7601,0.5
14395,0.5
8853,0.5
16737,0.5
3972,0.5
24433,0.5
25404,0.5
15343,0.5
21572,0.5
1764,0.5
3402,0.5
3335,0.5
3411,0.5
27403,0.5
18048,0.5
19602,0.5
24205,0.5
6191,0.5
23530,0.5
1829,0.5
12959,0.5
22514,0.5
21302,0.5
9901,0.5
26967,0.5
9945,0.5
21051,0.5
6692,0.5
7124,0.5
11671,0.5
25345,0.5
12676,0.5
2041,0.5
29951,0.5
26484,0.5
10108,0.5
19879,0.5
16011,0.5
12416,0.5
26801,0.5
29235,0.5
10959,0.5
21304,0.5
22631,0.5
26870,0.5
9215,0.5
29497,0.5
17735,0.5
21748,0.5
7207,0.5
14461,0.5
9499,0.5
27718,0.5
16818,0.5
29888,0.5
15059,0.5
8316,0.5
15906,0.5
17155,0.5
12987,0.5
14181,0.5
12086,0.5
6189,0.5
5972,0.5
14628,0.5
10559,0.5
7112,0.5
663,0.5
3390,0.5
16664,0.5
14844,0.5
1055,0.5
6836,0.5
5026,0.5
14998,0.5
28464,0.5
15665,0.5
22952,0.5
6117,0.5
5778,0.5
28454,0.5
1166,0.5
10335,0.5
18592,0.5
28059,0.5
6121,0.5
17798,0.5
18342,0.5
210,0.5
7090,0.5
17240,0.5
23557,0.5
16705,0.5
2535,0.5
26855,0.5
15994,0.5
19149,0.5
5550,0.5
5789,0.5
24559,0.5
19287,0.5
11612,0.5
24274,0.5
13945,0.5
1696,0.5
20464,0.5
3549,0.5
4237,0.5
7552,0.5
18228,0.5
21755,0.5
29212,0.5
22873,0.5
5903,0.5
27262,0.5
9629,0.5
25512,0.5
26063,0.5
3119,0.5
24662,0.5
489,0.5
29785,0.5
542,0.5
25869,0.5
10181,0.5
5171,0.5
22167,0.5
11272,0.5
3895,0.5
16583,0.5
2824,0.5
22590,0.5
19390,0.5
16761,0.5
13578,0.5
27682,0.5
17464,0.5
21650,0.5
19911,0.5
2859,0.5
29397,0.5
28107,0.5
18639,0.5
1513,0.5
26541,0.5
24050,0.5
14672,0.5
9759,0.5
21470,0.5
19855,0.5
18868,0.5
11262,0.5
9909,0.5
25412,0.5
19053,0.5
17005,0.5
18206,0.5
14470,0.5
20718,0.5
6398,0.5
15354,0.5
15748,0.5
12571,0.5
29100,0.5
25635,0.5
9043,0.5
15738,0.5
7339,0.5
24372,0.5
28492,0.5
28011,0.5
732,0.5
19429,0.5
11149,0.5
11296,0.5
5073,0.5
1422,0.5
27730,0.5
18772,0.5
9467,0.5
8319,0.5
20490,0.5
19816,0.5
18100,0.5
4502,0.5
22161,0.5
9405,0.5
29219,0.5
277,0.5
19032,0.5
23904,0.5
5050,0.5
27125,0.5
4100,0.5
23084,0.5
27998,0.5
3674,0.5
1428,0.5
344,0.5
16543,0.5
10791,0.5
2637,0.5
331,0.5
2675,0.5
5399,0.5
21956,0.5
22407,0.5
11210,0.5
29860,0.5
1122,0.5
6582,0.5
8467,0.5
6686,0.5
8937,0.5
1153,0.5
10221,0.5
399,0.5
7825,0.5
19533,0.5
7130,0.5
13821,0.5
5858,0.5
11332,0.5
5044,0.5
5174,0.5
4909,0.5
16826,0.5
24102,0.5
11563,0.5
18241,0.5
27426,0.5
12355,0.5
22250,0.5
29943,0.5
11652,0.5
20167,0.5
23041,0.5
2394,0.5
26624,0.5
8028,0.5
7762,0.5
19721,0.5
2003,0.5
11159,0.5
10020,0.5
14087,0.5
20767,0.5
28988,0.5
28518,0.5
22342,0.5
26214,0.5
6502,0.5
19212,0.5
9142,0.5
20552,0.5
286,0.5
8125,0.5
6541,0.5
25501,0.5
2561,0.5
17196,0.5
5622,0.5
940,0.5
29705,0.5
3413,0.5
18150,0.5
26076,0.5
9671,0.5
23899,0.5
22657,0.5
989,0.5
18621,0.5
18981,0.5
27095,0.5
16799,0.5
22085,0.5
8469,0.5
28157,0.5
20745,0.5
17474,0.5
5247,0.5
20690,0.5
27896,0.5
26817,0.5
4096,0.5
27243,0.5
29865,0.5
11906,0.5
7949,0.5
3065,0.5
4337,0.5
17384,0.5
10580,0.5
7987,0.5
21704,0.5
10126,0.5
117,0.5
2458,0.5
22020,0.5
17202,0.5
15403,0.5
4745,0.5
17211,0.5
22602,0.5
13064,0.5
6098,0.5
20474,0.5
28566,0.5
10671,0.5
2602,0.5
7916,0.5
27892,0.5
6523,0.5
20454,0.5
7846,0.5
14311,0.5
27191,0.5
609,0.5
9879,0.5
24178,0.5
27505,0.5
18092,0.5
6569,0.5
11933,0.5
1481,0.5
23593,0.5
28163,0.5
28362,0.5
21356,0.5
18482,0.5
12196,0.5
23288,0.5
18138,0.5
19233,0.5
29995,0.5
3262,0.5
16197,0.5
12997,0.5
12099,0.5
16524,0.5
2794,0.5
7536,0.5
7353,0.5
13529,0.5
9204,0.5
24766,0.5
4325,0.5
12472,0.5
26158,0.5
27510,0.5
691,0.5
10509,0.5
15114,0.5
22268,0.5
5808,0.5
22440,0.5
10165,0.5
18481,0.5
8145,0.5
8359,0.5
4661,0.5
2095,0.5
16307,0.5
14084,0.5
8421,0.5
11590,0.5
1728,0.5
11725,0.5
25026,0.5
23456,0.5
8866,0.5
19829,0.5
22184,0.5
11122,0.5
27346,0.5
251,0.5
29456,0.5
20997,0.5
6892,0.5
11184,0.5
11510,0.5
18918,0.5
1249,0.5
12033,0.5
10620,0.5
27726,0.5
18416,0.5
14088,0.5
21820,0.5
7475,0.5
27839,0.5
23377,0.5
923,0.5
16104,0.5
10792,0.5
28626,0.5
3505,0.5
17216,0.5
24488,0.5
8418,0.5
26348,0.5
12991,0.5
23860,0.5
670,0.5
4711,0.5
11774,0.5
9068,0.5
3078,0.5
154,0.5
12238,0.5
10115,0.5
25176,0.5
7454,0.5
9772,0.5
10457,0.5
23037,0.5
14730,0.5
24606,0.5
26933,0.5
5047,0.5
21242,0.5
8536,0.5
12766,0.5
15977,0.5
28091,0.5
24194,0.5
16671,0.5
1701,0.5
8475,0.5
12725,0.5
2047,0.5
5685,0.5
6434,0.5
8561,0.5
10422,0.5
1366,0.5
6638,0.5
21961,0.5
23780,0.5
3104,0.5
12585,0.5
14590,0.5
19228,0.5
18992,0.5
18572,0.5
25492,0.5
18004,0.5
19367,0.5
18257,0.5
14761,0.5
15548,0.5
23716,0.5
17411,0.5
24377,0.5
18635,0.5
16588,0.5
5060,0.5
18296,0.5
24113,0.5
1237,0.5
16095,0.5
24385,0.5
12298,0.5
19219,0.5
24430,0.5
332,0.5
7798,0.5
12975,0.5
11864,0.5
11820,0.5
19413,0.5
6611,0.5
26300,0.5
22416,0.5
734,0.5
20665,0.5
13864,0.5
1435,0.5
12645,0.5
773,0.5
6664,0.5
3881,0.5
24986,0.5
27921,0.5
27819,0.5
12971,0.5
15618,0.5
17655,0.5
27111,0.5
27068,0.5
26072,0.5
25957,0.5
15814,0.5
2785,0.5
5070,0.5
19504,0.5
11293,0.5
18452,0.5
18632,0.5
28888,0.5
13423,0.5
19041,0.5
19629,0.5
6378,0.5
9679,0.5
2770,0.5
6724,0.5
3098,0.5
23473,0.5
6405,0.5
4178,0.5
26024,0.5
29249,0.5
13220,0.5
27430,0.5
10208,0.5
1945,0.5
7930,0.5
18306,0.5
24460,0.5
25939,0.5
18135,0.5
27753,0.5
26733,0.5
5053,0.5
8062,0.5
8601,0.5
7676,0.5
12177,0.5
6473,0.5
14888,0.5
29179,0.5
6172,0.5
8588,0.5
11913,0.5
25801,0.5
1403,0.5
21908,0.5
17283,0.5
8604,0.5
29725,0.5
21294,0.5
19216,0.5
7603,0.5
27323,0.5
21779,0.5
15514,0.5
21142,0.5
16685,0.5
24615,0.5
9263,0.5
25632,0.5
19252,0.5
27227,0.5
5270,0.5
6927,0.5
16678,0.5
24193,0.5
25897,0.5
9918,0.5
18161,0.5
23054,0.5
6882,0.5
27983,0.5
18849,0.5
5871,0.5
15141,0.5
1222,0.5
28632,0.5
24797,0.5
27670,0.5
4260,0.5
26641,0.5
2539,0.5
3128,0.5
28035,0.5
20993,0.5
27321,0.5
24309,0.5
3886,0.5
13643,0.5
6934,0.5
28781,0.5
6153,0.5
16683,0.5
4170,0.5
17725,0.5
714,0.5
21963,0.5
13395,0.5
5376,0.5
9997,0.5
21655,0.5
22196,0.5
16171,0.5
1600,0.5
3848,0.5
1850,0.5
19909,0.5
21623,0.5
10581,0.5
3851,0.5
18354,0.5
16057,0.5
15214,0.5
4635,0.5
27397,0.5
4026,0.5
12088,0.5
11054,0.5
7387,0.5
10623,0.5
26929,0.5
10101,0.5
17033,0.5
19023,0.5
24940,0.5
25048,0.5
23770,0.5
28978,0.5
23280,0.5
22315,0.5
28537,0.5
19096,0.5
29967,0.5
25049,0.5
5649,0.5
2851,0.5
18810,0.5
580,0.5
23815,0.5
22861,0.5
11032,0.5
26601,0.5
4595,0.5
26238,0.5
10379,0.5
9725,0.5
5144,0.5
27048,0.5
9758,0.5
2185,0.5
9058,0.5
6674,0.5
12531,0.5
6901,0.5
8816,0.5
20343,0.5
13921,0.5
27370,0.5
3328,0.5
11656,0.5
10823,0.5
8072,0.5
5728,0.5
14306,0.5
16863,0.5
9935,0.5
1311,0.5
21073,0.5
27886,0.5
19801,0.5
29553,0.5
19177,0.5
12854,0.5
5077,0.5
18622,0.5
11811,0.5
19594,0.5
10060,0.5
16563,0.5
20757,0.5
3504,0.5
2880,0.5
18210,0.5
8544,0.5
16193,0.5
28721,0.5
24739,0.5
5997,0.5
16755,0.5
11672,0.5
20706,0.5
25887,0.5
24740,0.5
28788,0.5
333,0.5
5148,0.5
3409,0.5
2485,0.5
12275,0.5
28676,0.5
9090,0.5
17104,0.5
25741,0.5
13876,0.5
7069,0.5
7420,0.5
2431,0.5
19305,0.5
2936,0.5
8726,0.5
25552,0.5
856,0.5
16303,0.5
8486,0.5
26439,0.5
25998,0.5
24658,0.5
24142,0.5
25382,0.5
17557,0.5
12157,0.5
17666,0.5
19248,0.5
7783,0.5
17203,0.5
23956,0.5
21939,0.5
21652,0.5
23985,0.5
29114,0.5
1279,0.5
18840,0.5
5560,0.5
985,0.5
29025,0.5
23066,0.5
22465,0.5
22049,0.5
4443,0.5
15419,0.5
12371,0.5
25079,0.5
22628,0.5
24901,0.5
3520,0.5
9883,0.5
17994,0.5
9462,0.5
13983,0.5
21157,0.5
7561,0.5
1605,0.5
24600,0.5
29911,0.5
20213,0.5
19713,0.5
19619,0.5
23576,0.5
9728,0.5
9760,0.5
428,0.5
10672,0.5
1056,0.5
25040,0.5
8245,0.5
26023,0.5
20731,0.5
25973,0.5
10041,0.5
25413,0.5
12410,0.5
12879,0.5
6247,0.5
28189,0.5
158,0.5
5433,0.5
4930,0.5
27567,0.5
23848,0.5
4675,0.5
18329,0.5
29897,0.5
9391,0.5
6075,0.5
11889,0.5
27678,0.5
3329,0.5
5630,0.5
9666,0.5
5454,0.5
1684,0.5
4937,0.5
976,0.5
21776,0.5
29126,0.5
26424,0.5
19980,0.5
23160,0.5
26318,0.5
27498,0.5
4906,0.5
26434,0.5
22742,0.5
7555,0.5
10084,0.5
14850,0.5
8483,0.5
9341,0.5
8579,0.5
26724,0.5
13495,0.5
28347,0.5
20165,0.5
25608,0.5
8817,0.5
5381,0.5
3041,0.5
13111,0.5
10293,0.5
6246,0.5
28849,0.5
10835,0.5
3361,0.5
28989,0.5
9706,0.5
23150,0.5
11189,0.5
19529,0.5
18712,0.5
8417,0.5
18630,0.5
9839,0.5
2432,0.5
11148,0.5
1545,0.5
28317,0.5
29875,0.5
6017,0.5
7952,0.5
28339,0.5
28399,0.5
8208,0.5
19493,0.5
15430,0.5
14038,0.5
1364,0.5
13452,0.5
4257,0.5
9030,0.5
26569,0.5
29500,0.5
20858,0.5
13124,0.5
2830,0.5
19338,0.5
11314,0.5
22333,0.5
4798,0.5
28270,0.5
7544,0.5
29901,0.5
4573,0.5
24364,0.5
20628,0.5
12851,0.5
6442,0.5
28777,0.5
29274,0.5
4960,0.5
3871,0.5
26962,0.5
17996,0.5
25387,0.5
15297,0.5
18444,0.5
2999,0.5
13467,0.5
11926,0.5
25361,0.5
19278,0.5
9226,0.5
9790,0.5
21366,0.5
448,0.5
1227,0.5
23535,0.5
14340,0.5
17225,0.5
26470,0.5
14597,0.5
22270,0.5
17086,0.5
8345,0.5
29337,0.5
12458,0.5
9328,0.5
28944,0.5
5057,0.5
18288,0.5
27152,0.5
11604,0.5
23793,0.5
12432,0.5
16432,0.5
26176,0.5
21996,0.5
19699,0.5
17220,0.5
15740,0.5
3770,0.5
16277,0.5
7520,0.5
23379,0.5
752,0.5
17694,0.5
26878,0.5
29146,0.5
16999,0.5
23393,0.5
18973,0.5
3575,0.5
14556,0.5
2130,0.5
22432,0.5
29184,0.5
17570,0.5
2510,0.5
23930,0.5
1158,0.5
12776,0.5
15326,0.5
4156,0.5
4352,0.5
5141,0.5
25379,0.5
5996,0.5
3131,0.5
21032,0.5
12752,0.5
23279,0.5
13917,0.5
28953,0.5
21530,0.5
12348,0.5
2029,0.5
18273,0.5
17815,0.5
6052,0.5
16298,0.5
9447,0.5
182,0.5
1358,0.5
29828,0.5
26168,0.5
11696,0.5
13303,0.5
18480,0.5
15696,0.5
2692,0.5
10767,0.5
1002,0.5
29047,0.5
10131,0.5
447,0.5
15294,0.5
23115,0.5
16617,0.5
8294,0.5
22984,0.5
14771,0.5
19662,0.5
9863,0.5
25161,0.5
8946,0.5
18862,0.5
14371,0.5
24291,0.5
2111,0.5
15892,0.5
16469,0.5
14303,0.5
29688,0.5
3047,0.5
18682,0.5
14877,0.5
5875,0.5
28086,0.5
19769,0.5
19550,0.5
4678,0.5
21230,0.5
24486,0.5
9294,0.5
18603,0.5
7585,0.5
2920,0.5
2624,0.5
25438,0.5
12247,0.5
8381,0.5
9781,0.5
18349,0.5
26704,0.5
2984,0.5
2630,0.5
9164,0.5
27340,0.5
23227,0.5
21771,0.5
9749,0.5
3591,0.5
3542,0.5
18432,0.5
1151,0.5
23627,0.5
13627,0.5
2834,0.5
22369,0.5
1772,0.5
20378,0.5
3923,0.5
7631,0.5
2850,0.5
28694,0.5
11343,0.5
28282,0.5
18498,0.5
9339,0.5
20923,0.5
11453,0.5
9478,0.5
3649,0.5
7545,0.5
19687,0.5
8586,0.5
28633,0.5
14504,0.5
12922,0.5
24689,0.5
21588,0.5
26391,0.5
14952,0.5
7056,0.5
11461,0.5
24536,0.5
568,0.5
13048,0.5
24609,0.5
22320,0.5
22664,0.5
20171,0.5
10807,0.5
21135,0.5
27697,0.5
22146,0.5
4924,0.5
28346,0.5
23341,0.5
5242,0.5
5010,0.5
25713,0.5
16006,0.5
6365,0.5
10953,0.5
14577,0.5
17174,0.5
4121,0.5
27621,0.5
15338,0.5
28245,0.5
4253,0.5
28451,0.5
18411,0.5
12060,0.5
23027,0.5
25772,0.5
29027,0.5
27001,0.5
12910,0.5
23797,0.5
4144,0.5
23654,0.5
6124,0.5
5804,0.5
26940,0.5
16663,0.5
11778,0.5
16815,0.5
11791,0.5
9674,0.5
7853,0.5
16521,0.5
23337,0.5
6508,0.5
2062,0.5
17441,0.5
15098,0.5
9734,0.5
22792,0.5
6194,0.5
4770,0.5
16143,0.5
21835,0.5
16604,0.5
2118,0.5
14372,0.5
3435,0.5
27146,0.5
7032,0.5
6456,0.5
19253,0.5
20873,0.5
21997,0.5
18781,0.5
17717,0.5
7775,0.5
5713,0.5
16827,0.5
3907,0.5
108,0.5
264,0.5
6500,0.5
16195,0.5
7191,0.5
6444,0.5
7503,0.5
20452,0.5
7857,0.5
10734,0.5
1300,0.5
8000,0.5
28239,0.5
13735,0.5
4964,0.5
25151,0.5
28389,0.5
10922,0.5
14000,0.5
26041,0.5
135,0.5
19391,0.5
8670,0.5
22054,0.5
17253,0.5
1429,0.5
14012,0.5
24504,0.5
9276,0.5
1142,0.5
4103,0.5
17451,0.5
22773,0.5
11325,0.5
7604,0.5
20274,0.5
4527,0.5
14825,0.5
26175,0.5
16496,0.5
2482,0.5
994,0.5
11868,0.5
3541,0.5
21892,0.5
10364,0.5
2077,0.5
23990,0.5
21167,0.5
26608,0.5
2441,0.5
2017,0.5
27283,0.5
3969,0.5
20809,0.5
29858,0.5
11505,0.5
22848,0.5
1505,0.5
12236,0.5
17327,0.5
5800,0.5
9727,0.5
13778,0.5
20166,0.5
3850,0.5
23725,0.5
6662,0.5
20198,0.5
11413,0.5
23172,0.5
25639,0.5
4023,0.5
18560,0.5
15800,0.5
22919,0.5
21658,0.5
13595,0.5
6534,0.5
7519,0.5
15271,0.5
21192,0.5
28426,0.5
17484,0.5
21936,0.5
5202,0.5
18106,0.5
3985,0.5
22574,0.5
22088,0.5
26583,0.5
1867,0.5
19368,0.5
20875,0.5
3573,0.5
8557,0.5
14971,0.5
28904,0.5
21096,0.5
4372,0.5
8117,0.5
6009,0.5
3561,0.5
27459,0.5
11620,0.5
21824,0.5
4877,0.5
25954,0.5
19000,0.5
22561,0.5
17758,0.5
9106,0.5
2470,0.5
17482,0.5
18463,0.5
23661,0.5
3836,0.5
25020,0.5
17369,0.5
29208,0.5
8424,0.5
3606,0.5
18964,0.5
6314,0.5
6462,0.5
6592,0.5
6352,0.5
3271,0.5
2544,0.5
15463,0.5
13469,0.5
265,0.5
11796,0.5
12071,0.5
8148,0.5
18833,0.5
16727,0.5
12312,0.5
501,0.5
10356,0.5
14813,0.5
12126,0.5
24135,0.5
24058,0.5
12186,0.5
3491,0.5
26104,0.5
26320,0.5
12366,0.5
26759,0.5
17680,0.5
25653,0.5
4781,0.5
2571,0.5
28587,0.5
24174,0.5
5126,0.5
19718,0.5
10505,0.5
29679,0.5
3681,0.5
12524,0.5
19418,0.5
27376,0.5
9904,0.5
20541,0.5
9175,0.5
2001,0.5
12721,0.5
9053,0.5
19314,0.5
4590,0.5
16395,0.5
7842,0.5
12351,0.5
13222,0.5
1338,0.5
42,0.5
19738,0.5
13477,0.5
7125,0.5
17844,0.5
22067,0.5
21273,0.5
26067,0.5
26993,0.5
1331,0.5
10514,0.5
11308,0.5
20909,0.5
1968,0.5
12853,0.5
21319,0.5
10927,0.5
546,0.5
23596,0.5
28778,0.5
22495,0.5
16984,0.5
3028,0.5
26074,0.5
27622,0.5
7721,0.5
228,0.5
17769,0.5
11826,0.5
24849,0.5
3437,0.5
27701,0.5
19622,0.5
6394,0.5
26776,0.5
9957,0.5
15636,0.5
21471,0.5
11469,0.5
9229,0.5
1362,0.5
27143,0.5
17342,0.5
18670,0.5
17773,0.5
577,0.5
26333,0.5
9407,0.5
2310,0.5
2476,0.5
22,0.5
26280,0.5
15759,0.5
19193,0.5
14065,0.5
6151,0.5
28947,0.5
6527,0.5
20353,0.5
1529,0.5
18815,0.5
185,0.5
2214,0.5
21301,0.5
2688,0.5
22199,0.5
18441,0.5
26546,0.5
340,0.5
29764,0.5
13517,0.5
14720,0.5
6652,0.5
5806,0.5
18857,0.5
14969,0.5
26789,0.5
11670,0.5
9622,0.5
4663,0.5
444,0.5
24905,0.5
23344,0.5
7801,0.5
1117,0.5
29737,0.5
17082,0.5
14538,0.5
18084,0.5
10718,0.5
14446,0.5
10127,0.5
1676,0.5
29458,0.5
22949,0.5
24922,0.5
13556,0.5
12213,0.5
21373,0.5
18539,0.5
20530,0.5
4149,0.5
6367,0.5
14350,0.5
6987,0.5
4439,0.5
13355,0.5
10341,0.5
22309,0.5
14110,0.5
5819,0.5
22339,0.5
7614,0.5
23779,0.5
28421,0.5
21026,0.5
5938,0.5
26845,0.5
15987,0.5
24083,0.5
25972,0.5
26190,0.5
1917,0.5
12774,0.5
23047,0.5
28720,0.5
29643,0.5
16111,0.5
12924,0.5
7295,0.5
10431,0.5
8050,0.5
29634,0.5
9057,0.5
638,0.5
12989,0.5
29792,0.5
24693,0.5
8735,0.5
15519,0.5
14317,0.5
697,0.5
23046,0.5
21394,0.5
10062,0.5
15116,0.5
7152,0.5
26425,0.5
2879,0.5
16713,0.5
24043,0.5
1112,0.5
1021,0.5
16346,0.5
1905,0.5
24242,0.5
8403,0.5
2094,0.5
953,0.5
13933,0.5
19256,0.5
6601,0.5
1388,0.5
5142,0.5
16566,0.5
15424,0.5
21479,0.5
9785,0.5
5108,0.5
18414,0.5
17907,0.5
6182,0.5
3745,0.5
19844,0.5
26139,0.5
24276,0.5
7441,0.5
5664,0.5
19944,0.5
14098,0.5
4432,0.5
17590,0.5
22448,0.5
11096,0.5
15909,0.5
25873,0.5
19589,0.5
9061,0.5
17638,0.5
22011,0.5
5475,0.5
9033,0.5
10106,0.5
8012,0.5
1407,0.5
1438,0.5
14320,0.5
4076,0.5
15763,0.5
25039,0.5
13345,0.5
18730,0.5
8084,0.5
12621,0.5
19966,0.5
12297,0.5
23957,0.5
10301,0.5
22166,0.5
3682,0.5
5005,0.5
11113,0.5
22573,0.5
2997,0.5
25213,0.5
3786,0.5
17609,0.5
831,0.5
21475,0.5
20906,0.5
14008,0.5
8732,0.5
2983,0.5
22937,0.5
20141,0.5
2007,0.5
22715,0.5
19415,0.5
9012,0.5
25457,0.5
4209,0.5
14560,0.5
3097,0.5
8154,0.5
24066,0.5
531,0.5
11440,0.5
10123,0.5
17682,0.5
20466,0.5
26278,0.5
14931,0.5
14374,0.5
1593,0.5
5360,0.5
10709,0.5
8288,0.5
7966,0.5
17029,0.5
24584,0.5
29308,0.5
26207,0.5
18127,0.5
28617,0.5
19620,0.5
8422,0.5
21548,0.5
22637,0.5
19710,0.5
10866,0.5
672,0.5
23723,0.5
2505,0.5
28667,0.5
12626,0.5
17775,0.5
9041,0.5
12584,0.5
6046,0.5
17371,0.5
5134,0.5
13073,0.5
28455,0.5
5526,0.5
5089,0.5
8855,0.5
6707,0.5
18018,0.5
20629,0.5
1258,0.5
22014,0.5
5177,0.5
29490,0.5
27341,0.5
25286,0.5
28061,0.5
512,0.5
18323,0.5
27362,0.5
17390,0.5
12152,0.5
20693,0.5
3792,0.5
14716,0.5
12150,0.5
13888,0.5
23854,0.5
27661,0.5
3602,0.5
20143,0.5
19494,0.5
26987,0.5
19357,0.5
1666,0.5
10810,0.5
5795,0.5
16439,0.5
11205,0.5
13077,0.5
7737,0.5
5653,0.5
19136,0.5
17447,0.5
18506,0.5
715,0.5
7713,0.5
10135,0.5
18812,0.5
8595,0.5
20074,0.5
27361,0.5
6873,0.5
11239,0.5
17156,0.5
22933,0.5
25709,0.5
18834,0.5
18184,0.5
14606,0.5
11971,0.5
8760,0.5
23462,0.5
25216,0.5
25619,0.5
22844,0.5
20194,0.5
28826,0.5
1992,0.5
24751,0.5
3934,0.5
26679,0.5
2396,0.5
7259,0.5
2037,0.5
21219,0.5
19384,0.5
7072,0.5
23350,0.5
12234,0.5
1813,0.5
16131,0.5
3768,0.5
13924,0.5
3117,0.5
27558,0.5
743,0.5
14277,0.5
5081,0.5
17299,0.5
1774,0.5
14527,0.5
28358,0.5
11520,0.5
15895,0.5
9195,0.5
23934,0.5
28241,0.5
23787,0.5
2604,0.5
9234,0.5
24456,0.5
4717,0.5
6294,0.5
884,0.5
19153,0.5
24438,0.5
5683,0.5
5721,0.5
20571,0.5
1471,0.5
16211,0.5
25197,0.5
23783,0.5
2902,0.5
13832,0.5
13188,0.5
6067,0.5
19073,0.5
29181,0.5
2167,0.5
11751,0.5
19007,0.5
19208,0.5
395,0.5
4489,0.5
2848,0.5
3697,0.5
29267,0.5
25471,0.5
12635,0.5
12259,0.5
10420,0.5
220,0.5
28726,0.5
23652,0.5
29292,0.5
7027,0.5
21456,0.5
19416,0.5
8447,0.5
18415,0.5
19989,0.5
27168,0.5
9987,0.5
11236,0.5
18090,0.5
10138,0.5
12019,0.5
20348,0.5
29896,0.5
13356,0.5
10644,0.5
27851,0.5
22332,0.5
27331,0.5
1019,0.5
6208,0.5
12211,0.5
24789,0.5
1391,0.5
17857,0.5
6262,0.5
4265,0.5
16021,0.5
12388,0.5
18524,0.5
19332,0.5
10994,0.5
23813,0.5
16706,0.5
12664,0.5
8859,0.5
1892,0.5
15425,0.5
22024,0.5
22778,0.5
16105,0.5
1023,0.5
6729,0.5
29483,0.5
17505,0.5
10304,0.5
27516,0.5
13149,0.5
5313,0.5
6639,0.5
28204,0.5
19268,0.5
24620,0.5
13022,0.5
8402,0.5
17546,0.5
5244,0.5
27263,0.5
25689,0.5
27575,0.5
27413,0.5
3074,0.5
12208,0.5
29372,0.5
10177,0.5
24875,0.5
17312,0.5
21589,0.5
17310,0.5
25083,0.5
24053,0.5
2900,0.5
27353,0.5
28766,0.5
8036,0.5
1090,0.5
5588,0.5
21926,0.5
27840,0.5
11892,0.5
13067,0.5
24386,0.5
16783,0.5
19439,0.5
18606,0.5
16049,0.5
25610,0.5
23499,0.5
19285,0.5
4880,0.5
27427,0.5
29354,0.5
27826,0.5
20604,0.5
6319,0.5
17018,0.5
18267,0.5
26349,0.5
17051,0.5
26893,0.5
21113,0.5
17466,0.5
28308,0.5
13813,0.5
25895,0.5
11675,0.5
22827,0.5
12146,0.5
16970,0.5
25616,0.5
21842,0.5
17579,0.5
27990,0.5
9399,0.5
16542,0.5
14653,0.5
28044,0.5
13661,0.5
8654,0.5
11803,0.5
14477,0.5
8587,0.5
2633,0.5
22557,0.5
4222,0.5
5631,0.5
8160,0.5
7256,0.5
5450,0.5
25656,0.5
28206,0.5
7827,0.5
4775,0.5
7521,0.5
5501,0.5
23493,0.5
5163,0.5
24182,0.5
15904,0.5
28866,0.5
13569,0.5
13647,0.5
9500,0.5
21629,0.5
2669,0.5
5746,0.5
19907,0.5
20512,0.5
13083,0.5
20776,0.5
26311,0.5
7020,0.5
6234,0.5
9167,0.5
9207,0.5
7171,0.5
347,0.5
8459,0.5
3489,0.5
10215,0.5
18248,0.5
24109,0.5
23230,0.5
24626,0.5
13304,0.5
10723,0.5
10116,0.5
13901,0.5
13478,0.5
16446,0.5
18477,0.5
17920,0.5
15411,0.5
21502,0.5
29545,0.5
4098,0.5
14558,0.5
16410,0.5
24087,0.5
28395,0.5
20338,0.5
12576,0.5
20286,0.5
12420,0.5
29217,0.5
4497,0.5
14022,0.5
20001,0.5
9750,0.5
19554,0.5
4398,0.5
29213,0.5
6524,0.5
15508,0.5
1133,0.5
17152,0.5
29681,0.5
15943,0.5
29919,0.5
14522,0.5
24880,0.5
29153,0.5
18910,0.5
10248,0.5
23914,0.5
8514,0.5
12112,0.5
1931,0.5
22452,0.5
18999,0.5
15653,0.5
14222,0.5
20365,0.5
10141,0.5
16308,0.5
13057,0.5
15793,0.5
1386,0.5
14787,0.5
8997,0.5
6850,0.5
28775,0.5
8940,0.5
26109,0.5
27941,0.5
29004,0.5
25720,0.5
485,0.5
26196,0.5
25747,0.5
27387,0.5
6889,0.5
11503,0.5
2713,0.5
7712,0.5
20549,0.5
16215,0.5
1001,0.5
26170,0.5
5032,0.5
23036,0.5
7201,0.5
19977,0.5
18163,0.5
772,0.5
6506,0.5
2625,0.5
1864,0.5
17867,0.5
8109,0.5
24561,0.5
13154,0.5
18360,0.5
11988,0.5
10861,0.5
27972,0.5
25222,0.5
27907,0.5
15479,0.5
22591,0.5
14141,0.5
1048,0.5
14822,0.5
23490,0.5
12456,0.5
5957,0.5
26677,0.5
17604,0.5
26477,0.5
10231,0.5
26147,0.5
24165,0.5
18657,0.5
17149,0.5
20516,0.5
327,0.5
8883,0.5
8508,0.5
23528,0.5
15550,0.5
12689,0.5
6053,0.5
29480,0.5
9825,0.5
17850,0.5
15741,0.5
3300,0.5
31,0.5
5538,0.5
19473,0.5
11416,0.5
24682,0.5
28625,0.5
16196,0.5
2748,0.5
26428,0.5
19586,0.5
528,0.5
23434,0.5
11635,0.5
15768,0.5
22595,0.5
6427,0.5
24134,0.5
16166,0.5
24508,0.5
22326,0.5
11593,0.5
19168,0.5
21664,0.5
10844,0.5
18895,0.5
11638,0.5
22840,0.5
19075,0.5
23425,0.5
29568,0.5
17566,0.5
1125,0.5
20374,0.5
19251,0.5
12637,0.5
17969,0.5
24111,0.5
27138,0.5
1161,0.5
23984,0.5
26312,0.5
8,0.5
13252,0.5
12980,0.5
21380,0.5
9484,0.5
7855,0.5
25664,0.5
20726,0.5
24630,0.5
6261,0.5
19389,0.5
22459,0.5
26823,0.5
11669,0.5
22372,0.5
6455,0.5
19472,0.5
10093,0.5
11282,0.5
8387,0.5
10266,0.5
9723,0.5
17975,0.5
12998,0.5
16273,0.5
7078,0.5
2746,0.5
24741,0.5
3113,0.5
2700,0.5
534,0.5
12578,0.5
175,0.5
20888,0.5
2475,0.5
1212,0.5
5440,0.5
28225,0.5
16423,0.5
18164,0.5
1964,0.5
27538,0.5
27835,0.5
1673,0.5
29716,0.5
2586,0.5
22456,0.5
19167,0.5
18573,0.5
25819,0.5
24967,0.5
17358,0.5
18467,0.5
7298,0.5
10931,0.5
18938,0.5
12535,0.5
16736,0.5
24112,0.5
24257,0.5
6787,0.5
10541,0.5
24348,0.5
17703,0.5
18012,0.5
6156,0.5
22113,0.5
8667,0.5
11993,0.5
20912,0.5
23464,0.5
22323,0.5
12803,0.5
4259,0.5
3619,0.5
18950,0.5
14447,0.5
2020,0.5
13890,0.5
20501,0.5
570,0.5
2647,0.5
25316,0.5
18111,0.5
24890,0.5
18666,0.5
29532,0.5
21534,0.5
23069,0.5
3720,0.5
7512,0.5
18136,0.5
10441,0.5
368,0.5
8211,0.5
25241,0.5
21240,0.5
16905,0.5
9495,0.5
16264,0.5
13291,0.5
973,0.5
9753,0.5
28279,0.5
25738,0.5
25468,0.5
10218,0.5
2534,0.5
20592,0.5
22175,0.5
29360,0.5
29284,0.5
9878,0.5
16900,0.5
14975,0.5
5671,0.5
28992,0.5
18124,0.5
3040,0.5
20517,0.5
29962,0.5
14586,0.5
5549,0.5
18011,0.5
7094,0.5
3642,0.5
19107,0.5
11601,0.5
597,0.5
3614,0.5
24816,0.5
24326,0.5
5290,0.5
16202,0.5
14676,0.5
19704,0.5
18431,0.5
16760,0.5
24628,0.5
9049,0.5
29750,0.5
19582,0.5
12666,0.5
4604,0.5
16381,0.5
19203,0.5
28589,0.5
22027,0.5
15527,0.5
28932,0.5
2726,0.5
27344,0.5
4701,0.5
14673,0.5
16577,0.5
464,0.5
25870,0.5
7838,0.5
5684,0.5
11,0.5
17221,0.5
3434,0.5
8462,0.5
1870,0.5
14178,0.5
14596,0.5
9963,0.5
18928,0.5
9590,0.5
19382,0.5
1079,0.5
28425,0.5
22706,0.5
3867,0.5
5907,0.5
1865,0.5
17672,0.5
2188,0.5
28771,0.5
17162,0.5
5751,0.5
19553,0.5
21334,0.5
10871,0.5
2443,0.5
12713,0.5
20988,0.5
10667,0.5
1087,0.5
17681,0.5
24253,0.5
27117,0.5
3665,0.5
9455,0.5
26330,0.5
25014,0.5
23108,0.5
21003,0.5
12406,0.5
6027,0.5
16385,0.5
29280,0.5
3339,0.5
13885,0.5
13516,0.5
5488,0.5
10577,0.5
5834,0.5
28194,0.5
3029,0.5
18729,0.5
15052,0.5
2550,0.5
24617,0.5
25927,0.5
12694,0.5
16771,0.5
25312,0.5
7210,0.5
13523,0.5
19581,0.5
13892,0.5
7342,0.5
1468,0.5
18942,0.5
25999,0.5
12357,0.5
26421,0.5
5121,0.5
21928,0.5
22810,0.5
615,0.5
4587,0.5
413,0.5
1453,0.5
21094,0.5
10985,0.5
13268,0.5
26555,0.5
17244,0.5
1580,0.5
27659,0.5
4736,0.5
26117,0.5
5066,0.5
924,0.5
7354,0.5
13686,0.5
26473,0.5
3086,0.5
23486,0.5
10915,0.5
25521,0.5
20406,0.5
554,0.5
24221,0.5
29415,0.5
15734,0.5
20287,0.5
21229,0.5
3639,0.5
19321,0.5
3133,0.5
19510,0.5
14944,0.5
7670,0.5
16994,0.5
15230,0.5
7869,0.5
7617,0.5
29652,0.5
27995,0.5
22240,0.5
9531,0.5
13062,0.5
19904,0.5
120,0.5
15462,0.5
22579,0.5
9136,0.5
7401,0.5
4610,0.5
25293,0.5
28801,0.5
13794,0.5
724,0.5
7892,0.5
4401,0.5
15080,0.5
7035,0.5
6694,0.5
3032,0.5
16866,0.5
12846,0.5
999,0.5
13410,0.5
22445,0.5
23862,0.5
12083,0.5
18512,0.5
21885,0.5
9954,0.5
3603,0.5
7766,0.5
21621,0.5
28287,0.5
9438,0.5
25744,0.5
26503,0.5
26389,0.5
9943,0.5
6698,0.5
26614,0.5
22586,0.5
27431,0.5
23165,0.5
761,0.5
13195,0.5
16232,0.5
467,0.5
5377,0.5
22489,0.5
25844,0.5
10419,0.5
20007,0.5
7203,0.5
26522,0.5
2965,0.5
4204,0.5
24969,0.5
12507,0.5
453,0.5
11702,0.5
12000,0.5
19281,0.5
20445,0.5
20633,0.5
17537,0.5
7007,0.5
11030,0.5
29601,0.5
16327,0.5
6447,0.5
18689,0.5
4258,0.5
891,0.5
23657,0.5
4348,0.5
8378,0.5
19170,0.5
12447,0.5
8281,0.5
8452,0.5
16694,0.5
28329,0.5
22039,0.5
12705,0.5
28810,0.5
25331,0.5
9578,0.5
11995,0.5
28569,0.5
7898,0.5
23983,0.5
21104,0.5
7012,0.5
5427,0.5
27009,0.5
26045,0.5
710,0.5
18605,0.5
8949,0.5
13308,0.5
162,0.5
27479,0.5
21577,0.5
20634,0.5
13373,0.5
28687,0.5
4080,0.5
15843,0.5
29310,0.5
8693,0.5
2368,0.5
29632,0.5
28951,0.5
3796,0.5
2777,0.5
19295,0.5
2594,0.5
28824,0.5
3887,0.5
21712,0.5
12684,0.5
16981,0.5
9291,0.5
29088,0.5
5980,0.5
12831,0.5
26924,0.5
11393,0.5
23973,0.5
25124,0.5
10102,0.5
21818,0.5
20040,0.5
21604,0.5
25842,0.5
26827,0.5
24381,0.5
3430,0.5
18029,0.5
19158,0.5
24721,0.5
7443,0.5
17394,0.5
7785,0.5
17603,0.5
24358,0.5
5675,0.5
12391,0.5
28603,0.5
3888,0.5
13990,0.5
20668,0.5
4567,0.5
18800,0.5
29539,0.5
27375,0.5
22482,0.5
16014,0.5
9645,0.5
6218,0.5
13975,0.5
28887,0.5
25649,0.5
22793,0.5
26540,0.5
6135,0.5
7161,0.5
22783,0.5
18596,0.5
13264,0.5
28883,0.5
8271,0.5
22162,0.5
11874,0.5
6635,0.5
13845,0.5
16488,0.5
22883,0.5
17304,0.5
15607,0.5
25226,0.5
14820,0.5
3641,0.5
805,0.5
27100,0.5
12003,0.5
24532,0.5
27240,0.5
25470,0.5
10437,0.5
18195,0.5
17111,0.5
20721,0.5
25269,0.5
1278,0.5
14101,0.5
13430,0.5
22380,0.5
9258,0.5
25636,0.5
15129,0.5
1043,0.5
20298,0.5
13136,0.5
14647,0.5
23711,0.5
8882,0.5
12421,0.5
2008,0.5
29169,0.5
29797,0.5
29494,0.5
11384,0.5
3255,0.5
7865,0.5
8975,0.5
12966,0.5
11633,0.5
27663,0.5
12212,0.5
24763,0.5
22756,0.5
2988,0.5
5886,0.5
6482,0.5
21484,0.5
8757,0.5
9259,0.5
12802,0.5
29648,0.5
21166,0.5
27949,0.5
26338,0.5
7216,0.5
27213,0.5
342,0.5
3636,0.5
25104,0.5
6858,0.5
27821,0.5
16209,0.5
10833,0.5
18261,0.5
20792,0.5
15437,0.5
16089,0.5
5223,0.5
8585,0.5
23717,0.5
13456,0.5
13701,0.5
29638,0.5
19901,0.5
24506,0.5
14466,0.5
20630,0.5
29804,0.5
28956,0.5
6089,0.5
5309,0.5
23662,0.5
9023,0.5
23151,0.5
20131,0.5
22534,0.5
19020,0.5
2237,0.5
12572,0.5
21117,0.5
14287,0.5
363,0.5
1627,0.5
2251,0.5
9773,0.5
6214,0.5
12281,0.5
24300,0.5
5682,0.5
27330,0.5
7019,0.5
1218,0.5
22431,0.5
16050,0.5
24649,0.5
26530,0.5
26943,0.5
8492,0.5
19526,0.5
12755,0.5
24524,0.5
8599,0.5
29090,0.5
2922,0.5
17513,0.5
1686,0.5
21607,0.5
4726,0.5
7105,0.5
19029,0.5
5234,0.5
12411,0.5
8097,0.5
24354,0.5
21720,0.5
22178,0.5
17782,0.5
17813,0.5
28502,0.5
8267,0.5
29790,0.5
3363,0.5
6779,0.5
6904,0.5
2967,0.5
23305,0.5
17843,0.5
18990,0.5
18289,0.5
24879,0.5
25756,0.5
6108,0.5
15901,0.5
21034,0.5
29064,0.5
27769,0.5
19447,0.5
3382,0.5
5540,0.5
26615,0.5
2786,0.5
20481,0.5
21811,0.5
29733,0.5
22846,0.5
27005,0.5
7967,0.5
27712,0.5
24108,0.5
13836,0.5
7779,0.5
12943,0.5
20815,0.5
20632,0.5
26672,0.5
22202,0.5
29684,0.5
7820,0.5
3292,0.5
5532,0.5
12577,0.5
5312,0.5
16267,0.5
22956,0.5
17643,0.5
26693,0.5
14523,0.5
14894,0.5
9189,0.5
963,0.5
21446,0.5
26247,0.5
21102,0.5
20966,0.5
25373,0.5
1730,0.5
1467,0.5
1040,0.5
23496,0.5
20082,0.5
274,0.5
6711,0.5
2832,0.5
8193,0.5
15811,0.5
28116,0.5
7637,0.5
16331,0.5
7237,0.5
22716,0.5
9522,0.5
16701,0.5
3954,0.5
11488,0.5
3963,0.5
807,0.5
13946,0.5
21217,0.5
28660,0.5
29319,0.5
15964,0.5
23052,0.5
19665,0.5
11685,0.5
5281,0.5
16110,0.5
2508,0.5
13420,0.5
13238,0.5
16519,0.5
21784,0.5
24045,0.5
109,0.5
1703,0.5
13407,0.5
29340,0.5
27165,0.5
27489,0.5
7678,0.5
7082,0.5
29617,0.5
16632,0.5
4266,0.5
2932,0.5
4864,0.5
8415,0.5
25753,0.5
6370,0.5
1459,0.5
27895,0.5
909,0.5
22582,0.5
19866,0.5
19557,0.5
8841,0.5
10067,0.5
15675,0.5
29747,0.5
7515,0.5
17331,0.5
848,0.5
11748,0.5
28577,0.5
689,0.5
4281,0.5
2857,0.5
29506,0.5
7047,0.5
8005,0.5
6387,0.5
3510,0.5
10746,0.5
25565,0.5
15414,0.5
5836,0.5
6187,0.5
26219,0.5
12329,0.5
27853,0.5
7516,0.5
5216,0.5
23474,0.5
20879,0.5
27765,0.5
2489,0.5
16971,0.5
10929,0.5
26438,0.5
20446,0.5
14412,0.5
5300,0.5
22379,0.5
21866,0.5
2358,0.5
11896,0.5
2308,0.5
7954,0.5
8044,0.5
16412,0.5
3035,0.5
17826,0.5
13957,0.5
20322,0.5
10083,0.5
20228,0.5
7501,0.5
1975,0.5
22455,0.5
14997,0.5
12266,0.5
8612,0.5
21794,0.5
1076,0.5
17607,0.5
17142,0.5
25215,0.5
1145,0.5
10701,0.5
24319,0.5
15553,0.5
26666,0.5
5444,0.5
2464,0.5
541,0.5
14042,0.5
25193,0.5
26020,0.5
29591,0.5
17195,0.5
3590,0.5
23278,0.5
27739,0.5
28971,0.5
29294,0.5
12283,0.5
12633,0.5
16102,0.5
21959,0.5
2269,0.5
12796,0.5
9926,0.5
13187,0.5
12731,0.5
26416,0.5
15192,0.5
23643,0.5
1697,0.5
4779,0.5
26133,0.5
6884,0.5
11589,0.5
29666,0.5
21290,0.5
7620,0.5
24853,0.5
6747,0.5
18674,0.5
17670,0.5
28534,0.5
29728,0.5
27719,0.5
16723,0.5
3442,0.5
29956,0.5
28699,0.5
7266,0.5
15521,0.5
4581,0.5
24818,0.5
19057,0.5
1378,0.5
26986,0.5
22131,0.5
24645,0.5
27685,0.5
5268,0.5
6404,0.5
28816,0.5
28175,0.5
22089,0.5
610,0.5
21147,0.5
28644,0.5
16627,0.5
8510,0.5
14967,0.5
18420,0.5
27425,0.5
22849,0.5
23567,0.5
18147,0.5
14691,0.5
17810,0.5
22436,0.5
15821,0.5
3204,0.5
27395,0.5
6498,0.5
23289,0.5
23847,0.5
12782,0.5
1285,0.5
27860,0.5
19128,0.5
24680,0.5
7504,0.5
21407,0.5
23611,0.5
3784,0.5
5111,0.5
11504,0.5
5982,0.5
19163,0.5
26324,0.5
26060,0.5
11457,0.5
9611,0.5
24771,0.5
20758,0.5
22627,0.5
22430,0.5
297,0.5
7254,0.5
3087,0.5
12770,0.5
995,0.5
25655,0.5
11595,0.5
10945,0.5
21390,0.5
5759,0.5
18391,0.5
24181,0.5
21058,0.5
2006,0.5
26250,0.5
17998,0.5
12614,0.5
20042,0.5
7517,0.5
22344,0.5
24995,0.5
12365,0.5
12735,0.5
17792,0.5
28371,0.5
18491,0.5
29701,0.5
6111,0.5
29426,0.5
1835,0.5
29482,0.5
22710,0.5
20462,0.5
3354,0.5
11574,0.5
26607,0.5
8357,0.5
3959,0.5
16537,0.5
23189,0.5
8779,0.5
22058,0.5
15872,0.5
2901,0.5
13695,0.5
11182,0.5
2135,0.5
5097,0.5
7826,0.5
19090,0.5
29365,0.5
4916,0.5
12688,0.5
6714,0.5
13634,0.5
12880,0.5
5904,0.5
21897,0.5
4275,0.5
13363,0.5
6571,0.5
24065,0.5
4198,0.5
1066,0.5
25612,0.5
9042,0.5
15888,0.5
29318,0.5
23290,0.5
8099,0.5
21980,0.5
15205,0.5
14243,0.5
23916,0.5
20687,0.5
16965,0.5
15755,0.5
24925,0.5
24244,0.5
12446,0.5
23573,0.5
6870,0.5
25755,0.5
19896,0.5
2644,0.5
5925,0.5
1024,0.5
5201,0.5
29673,0.5
28959,0.5
25561,0.5
5900,0.5
10906,0.5
5160,0.5
13182,0.5
23049,0.5
23488,0.5
16265,0.5
25569,0.5
26114,0.5
28764,0.5
17448,0.5
22405,0.5
27634,0.5
1304,0.5
4342,0.5
25662,0.5
1009,0.5
8107,0.5
27932,0.5
12602,0.5
5761,0.5
11605,0.5
1032,0.5
2937,0.5
10555,0.5
22458,0.5
4737,0.5
28316,0.5
13080,0.5
12023,0.5
4064,0.5
28553,0.5
6227,0.5
8116,0.5
17952,0.5
29007,0.5
11749,0.5
5735,0.5
2959,0.5
27153,0.5
412,0.5
27619,0.5
25324,0.5
26873,0.5
1550,0.5
3367,0.5
28960,0.5
18229,0.5
3538,0.5
1115,0.5
28028,0.5
27080,0.5
249,0.5
26061,0.5
12549,0.5
7057,0.5
815,0.5
12814,0.5
8201,0.5
21765,0.5
23251,0.5
11854,0.5
14386,0.5
13985,0.5
29958,0.5
25577,0.5
28921,0.5
26961,0.5
25784,0.5
19,0.5
6810,0.5
26458,0.5
29011,0.5
15109,0.5
886,0.5
21313,0.5
12921,0.5
1510,0.5
27090,0.5
25631,0.5
17528,0.5
7598,0.5
27087,0.5
8657,0.5
15218,0.5
29131,0.5
18731,0.5
23381,0.5
22636,0.5
4175,0.5
29855,0.5
22687,0.5
8223,0.5
29082,0.5
27293,0.5
15623,0.5
10811,0.5
21415,0.5
10317,0.5
12732,0.5
9113,0.5
17472,0.5
23166,0.5
29460,0.5
4714,0.5
21746,0.5
8941,0.5
15851,0.5
16322,0.5
29631,0.5
26550,0.5
6020,0.5
25175,0.5
24405,0.5
21071,0.5
26831,0.5
2248,0.5
7267,0.5
16429,0.5
1181,0.5
25165,0.5
24155,0.5
1987,0.5
11949,0.5
13214,0.5
3874,0.5
9804,0.5
20333,0.5
10640,0.5
23266,0.5
20728,0.5
7165,0.5
28235,0.5
11852,0.5
23811,0.5
3497,0.5
15654,0.5
19621,0.5
24265,0.5
6119,0.5
8580,0.5
16833,0.5
24123,0.5
26064,0.5
25353,0.5
4753,0.5
21593,0.5
25391,0.5
9310,0.5
7174,0.5
16061,0.5
28248,0.5
9693,0.5
14072,0.5
20238,0.5
3480,0.5
3010,0.5
20188,0.5
17013,0.5
12733,0.5
2789,0.5
20093,0.5
17727,0.5
18580,0.5
3893,0.5
6637,0.5
24846,0.5
17117,0.5
3810,0.5
1561,0.5
25201,0.5
10840,0.5
16113,0.5
12199,0.5
7717,0.5
2563,0.5
22300,0.5
4049,0.5
11049,0.5
21055,0.5
24098,0.5
28,0.5
24169,0.5
16149,0.5
28089,0.5
28763,0.5
9786,0.5
14309,0.5
529,0.5
27582,0.5
27192,0.5
29056,0.5
8490,0.5
2574,0.5
6241,0.5
22750,0.5
14220,0.5
15644,0.5
5508,0.5
7559,0.5
16293,0.5
4889,0.5
21076,0.5
5894,0.5
13713,0.5
3646,0.5
1866,0.5
4554,0.5
8298,0.5
16405,0.5
18662,0.5
4456,0.5
11246,0.5
28641,0.5
23640,0.5
23146,0.5
21430,0.5
15472,0.5
5028,0.5
2102,0.5
16960,0.5
25833,0.5
29468,0.5
3912,0.5
18783,0.5
6542,0.5
16280,0.5
19967,0.5
16642,0.5
11742,0.5
4912,0.5
17069,0.5
9885,0.5
5476,0.5
1085,0.5
24720,0.5
22955,0.5
13400,0.5
29129,0.5
15980,0.5
11303,0.5
10570,0.5
25558,0.5
2147,0.5
5511,0.5
20581,0.5
14161,0.5
1582,0.5
16472,0.5
6912,0.5
22345,0.5
13615,0.5
27532,0.5
24916,0.5
14445,0.5
6936,0.5
24117,0.5
28360,0.5
22850,0.5
3670,0.5
10566,0.5
13753,0.5
1061,0.5
15346,0.5
15847,0.5
19094,0.5
23986,0.5
19178,0.5
19705,0.5
11441,0.5
22859,0.5
24296,0.5
27544,0.5
728,0.5
9210,0.5
26397,0.5
19311,0.5
25860,0.5
17754,0.5
20547,0.5
23072,0.5
14646,0.5
25850,0.5
5943,0.5
25452,0.5
12510,0.5
2844,0.5
14781,0.5
23137,0.5
10925,0.5
17675,0.5
26058,0.5
6723,0.5
5373,0.5
27911,0.5
27946,0.5
15576,0.5
22518,0.5
15201,0.5
10228,0.5
7220,0.5
16386,0.5
14667,0.5
10362,0.5
6918,0.5
23542,0.5
26788,0.5
1368,0.5
5345,0.5
16516,0.5
23163,0.5
11806,0.5
14437,0.5
18500,0.5
557,0.5
28414,0.5
4468,0.5
28394,0.5
16037,0.5
21121,0.5
29049,0.5
9457,0.5
7182,0.5
22537,0.5
17750,0.5
17613,0.5
22781,0.5
4535,0.5
5645,0.5
15240,0.5
4808,0.5
12674,0.5
24555,0.5
27698,0.5
29302,0.5
19466,0.5
19607,0.5
9046,0.5
17003,0.5
5015,0.5
16849,0.5
26742,0.5
4014,0.5
27847,0.5
14085,0.5
20748,0.5
27748,0.5
29438,0.5
25143,0.5
16920,0.5
4399,0.5
24041,0.5
19868,0.5
5993,0.5
744,0.5
3673,0.5
13681,0.5
25983,0.5
22284,0.5
15279,0.5
20277,0.5
13181,0.5
12552,0.5
2731,0.5
10300,0.5
25504,0.5
18170,0.5
10449,0.5
20328,0.5
4665,0.5
311,0.5
15725,0.5
22914,0.5
8301,0.5
3358,0.5
5814,0.5
11475,0.5
5826,0.5
26293,0.5
12759,0.5
3231,0.5
24580,0.5
10909,0.5
14882,0.5
14326,0.5
3209,0.5
5898,0.5
21259,0.5
23024,0.5
6023,0.5
27458,0.5
2430,0.5
11376,0.5
10987,0.5
26821,0.5
9939,0.5
17718,0.5
26154,0.5
8239,0.5
13714,0.5
9528,0.5
24277,0.5
10545,0.5
2906,0.5
2849,0.5
10120,0.5
25550,0.5
11359,0.5
29256,0.5
20013,0.5
24201,0.5
26888,0.5
27521,0.5
13780,0.5
14296,0.5
28142,0.5
24038,0.5
21700,0.5
9586,0.5
10264,0.5
14594,0.5
14361,0.5
1523,0.5
8311,0.5
21503,0.5
2067,0.5
7276,0.5
14368,0.5
24435,0.5
26289,0.5
1252,0.5
17218,0.5
1543,0.5
15136,0.5
13143,0.5
29101,0.5
3785,0.5
29731,0.5
18825,0.5
2136,0.5
5022,0.5
2329,0.5
11321,0.5
920,0.5
13866,0.5
474,0.5
18841,0.5
10469,0.5
28291,0.5
21236,0.5
24638,0.5
19501,0.5
2564,0.5
8751,0.5
4031,0.5
9516,0.5
7771,0.5
4470,0.5
9767,0.5
26655,0.5
10466,0.5
456,0.5
24738,0.5
18005,0.5
6940,0.5
2610,0.5
13560,0.5
18192,0.5
1184,0.5
25984,0.5
17222,0.5
15399,0.5
18607,0.5
8947,0.5
25087,0.5
21529,0.5
6244,0.5
926,0.5
1518,0.5
5632,0.5
2168,0.5
15781,0.5
3800,0.5
15117,0.5
11659,0.5
19759,0.5
21125,0.5
22211,0.5
7016,0.5
20578,0.5
2768,0.5
2929,0.5
23842,0.5
7163,0.5
2914,0.5
23829,0.5
5272,0.5
1700,0.5
26048,0.5
19592,0.5
27999,0.5
1410,0.5
24948,0.5
26506,0.5
17707,0.5
20979,0.5
13274,0.5
28707,0.5
22397,0.5
16802,0.5
20957,0.5
13737,0.5
17628,0.5
6446,0.5
4887,0.5
29510,0.5
11511,0.5
851,0.5
21100,0.5
21498,0.5
15301,0.5
24479,0.5
8100,0.5
19962,0.5
6072,0.5
16830,0.5
1638,0.5
1402,0.5
9079,0.5
9799,0.5
16468,0.5
7755,0.5
20383,0.5
15682,0.5
5253,0.5
7132,0.5
6417,0.5
15729,0.5
5356,0.5
14570,0.5
6558,0.5
20254,0.5
12468,0.5
211,0.5
1914,0.5
29349,0.5
25380,0.5
1741,0.5
1121,0.5
11948,0.5
24150,0.5
26510,0.5
27063,0.5
27586,0.5
20711,0.5
11281,0.5
16416,0.5
10768,0.5
7385,0.5
14495,0.5
19440,0.5
25650,0.5
23737,0.5
23697,0.5
8479,0.5
8392,0.5
28596,0.5
10716,0.5
27517,0.5
5020,0.5
19036,0.5
4168,0.5
19827,0.5
25510,0.5
13656,0.5
28562,0.5
2934,0.5
27693,0.5
20484,0.5
14726,0.5
8915,0.5
9333,0.5
7606,0.5
4742,0.5
22420,0.5
23317,0.5
15302,0.5
26115,0.5
14209,0.5
14766,0.5
19767,0.5
2541,0.5
17625,0.5
28393,0.5
25224,0.5
3121,0.5
8310,0.5
20204,0.5
4601,0.5
27950,0.5
29258,0.5
19768,0.5
19684,0.5
27924,0.5
7891,0.5
26044,0.5
26487,0.5
20679,0.5
27885,0.5
20438,0.5
2053,0.5
11643,0.5
16840,0.5
29142,0.5
7432,0.5
2242,0.5
20382,0.5
14095,0.5
5764,0.5
2784,0.5
8052,0.5
14023,0.5
28695,0.5
25622,0.5
25214,0.5
11046,0.5
26590,0.5
13858,0.5
25537,0.5
11336,0.5
26877,0.5
5969,0.5
10180,0.5
16935,0.5
4179,0.5
2180,0.5
8811,0.5
8990,0.5
8631,0.5
15153,0.5
3389,0.5
1812,0.5
26033,0.5
2222,0.5
26460,0.5
8616,0.5
366,0.5
21531,0.5
12200,0.5
1431,0.5
7756,0.5
25100,0.5
18205,0.5
16605,0.5
5037,0.5
8730,0.5
18456,0.5
22851,0.5
22738,0.5
12118,0.5
24996,0.5
22900,0.5
23559,0.5
13669,0.5
19077,0.5
27984,0.5
12805,0.5
17667,0.5
29045,0.5
27824,0.5
12081,0.5
28080,0.5
24660,0.5
17273,0.5
11450,0.5
1807,0.5
408,0.5
9992,0.5
18447,0.5
21233,0.5
8959,0.5
673,0.5
10777,0.5
19458,0.5
19111,0.5
17900,0.5
11422,0.5
7830,0.5
3865,0.5
29416,0.5
12007,0.5
28875,0.5
15583,0.5
20555,0.5
27747,0.5
7633,0.5
14040,0.5
15671,0.5
14983,0.5
23157,0.5
14130,0.5
28506,0.5
13300,0.5
15092,0.5
6540,0.5
1919,0.5
7231,0.5
2955,0.5
6881,0.5
18617,0.5
11591,0.5
29080,0.5
10421,0.5
16005,0.5
29974,0.5
11843,0.5
5571,0.5
26122,0.5
23352,0.5
21966,0.5
5527,0.5
20123,0.5
19559,0.5
15647,0.5
13567,0.5
16748,0.5
3027,0.5
5981,0.5
16,0.5
14275,0.5
1257,0.5
12206,0.5
6647,0.5
4349,0.5
16367,0.5
15237,0.5
11065,0.5
13688,0.5
9591,0.5
6011,0.5
238,0.5
1875,0.5
16249,0.5
7155,0.5
462,0.5
11430,0.5
5909,0.5
14786,0.5
12239,0.5
393,0.5
29414,0.5
6324,0.5
9780,0.5
3034,0.5
29929,0.5
27947,0.5
29985,0.5
9157,0.5
25597,0.5
24652,0.5
21474,0.5
12893,0.5
28335,0.5
2165,0.5
19423,0.5
17128,0.5
6286,0.5
11102,0.5
25207,0.5
22443,0.5
3127,0.5
9320,0.5
24248,0.5
10523,0.5
7659,0.5
23946,0.5
10081,0.5
12381,0.5
24516,0.5
9282,0.5
12168,0.5
7940,0.5
20691,0.5
3757,0.5
13501,0.5
28997,0.5
2127,0.5
14490,0.5
27986,0.5
11285,0.5
15361,0.5
9803,0.5
1601,0.5
19617,0.5
6388,0.5
20284,0.5
21049,0.5
8248,0.5
404,0.5
3824,0.5
17908,0.5
23405,0.5
20223,0.5
7445,0.5
15598,0.5
16742,0.5
6547,0.5
18269,0.5
7424,0.5
14795,0.5
4316,0.5
22982,0.5
24026,0.5
25374,0.5
1093,0.5
842,0.5
18714,0.5
23438,0.5
6667,0.5
17269,0.5
8385,0.5
13991,0.5
27922,0.5
29012,0.5
25295,0.5
9692,0.5
29293,0.5
19068,0.5
14343,0.5
22086,0.5
12594,0.5
24171,0.5
23022,0.5
17927,0.5
18561,0.5
29942,0.5
2854,0.5
15330,0.5
14157,0.5
6679,0.5
10314,0.5
8755,0.5
22100,0.5
20415,0.5
22755,0.5
16616,0.5
12240,0.5
19014,0.5
26481,0.5
852,0.5
14942,0.5
16053,0.5
6802,0.5
27419,0.5
4249,0.5
19560,0.5
25120,0.5
3894,0.5
17619,0.5
10478,0.5
11788,0.5
17596,0.5
24474,0.5
14184,0.5
8303,0.5
2905,0.5
6909,0.5
11410,0.5
5963,0.5
14366,0.5
27157,0.5
23907,0.5
16607,0.5
24496,0.5
27145,0.5
28876,0.5
20810,0.5
20239,0.5
3652,0.5
11302,0.5
11516,0.5
22731,0.5
5422,0.5
29264,0.5
6021,0.5
18174,0.5
17021,0.5
25233,0.5
21657,0.5
10926,0.5
289,0.5
37,0.5
18091,0.5
6762,0.5
25056,0.5
3018,0.5
16397,0.5
12185,0.5
4099,0.5
21422,0.5
8209,0.5
27071,0.5
9572,0.5
3152,0.5
16680,0.5
47,0.5
576,0.5
12798,0.5
14768,0.5
3216,0.5
16167,0.5
2450,0.5
29977,0.5
6771,0.5
2947,0.5
10576,0.5
24696,0.5
24556,0.5
21452,0.5
2241,0.5
24143,0.5
8734,0.5
19076,0.5
28827,0.5
15916,0.5
23167,0.5
18373,0.5
11750,0.5
12042,0.5
29602,0.5
9585,0.5
23263,0.5
16879,0.5
23926,0.5
28857,0.5
11368,0.5
8542,0.5
12034,0.5
25332,0.5
6968,0.5
23582,0.5
26489,0.5
16940,0.5
4766,0.5
29304,0.5
10451,0.5
11878,0.5
25000,0.5
24359,0.5
16700,0.5
24936,0.5
3229,0.5
11300,0.5
6390,0.5
20217,0.5
28909,0.5
7525,0.5
12563,0.5
24919,0.5
29355,0.5
10357,0.5
11055,0.5
15166,0.5
364,0.5
2961,0.5
12445,0.5
23136,0.5
17165,0.5
17185,0.5
22314,0.5
21631,0.5
5055,0.5
11243,0.5
10603,0.5
2403,0.5
25343,0.5
7622,0.5
25666,0.5
18528,0.5
1340,0.5
23818,0.5
28161,0.5
25043,0.5
13405,0.5
24425,0.5
11375,0.5
15102,0.5
416,0.5
6896,0.5
7856,0.5
5139,0.5
20657,0.5
14918,0.5
27843,0.5
8824,0.5
15524,0.5
20227,0.5
21194,0.5
1169,0.5
13226,0.5
6691,0.5
12811,0.5
1591,0.5
15737,0.5
8172,0.5
3582,0.5
20497,0.5
5730,0.5
28551,0.5
14812,0.5
15321,0.5
28516,0.5
22776,0.5
21395,0.5
26563,0.5
28579,0.5
28330,0.5
4412,0.5
4199,0.5
18265,0.5
26094,0.5
9003,0.5
3705,0.5
5766,0.5
29373,0.5
25463,0.5
25330,0.5
14927,0.5
1059,0.5
24686,0.5
24734,0.5
26511,0.5
10647,0.5
7261,0.5
21923,0.5
13963,0.5
21632,0.5
20,0.5
19135,0.5
24022,0.5
21386,0.5
17170,0.5
24793,0.5
14212,0.5
29380,0.5
13746,0.5
27302,0.5
22764,0.5
7926,0.5
2873,0.5
21816,0.5
24668,0.5
29010,0.5
10515,0.5
20019,0.5
21676,0.5
17874,0.5
22560,0.5
5824,0.5
21170,0.5
2223,0.5
27481,0.5
29971,0.5
500,0.5
6335,0.5
16584,0.5
16008,0.5
4458,0.5
29240,0.5
4073,0.5
25481,0.5
21708,0.5
29050,0.5
241,0.5
6479,0.5
12394,0.5
13700,0.5
22837,0.5
28017,0.5
6485,0.5
20952,0.5
25827,0.5
16484,0.5
1200,0.5
21851,0.5
22554,0.5
1486,0.5
12299,0.5
10028,0.5
7505,0.5
1995,0.5
1629,0.5
26261,0.5
9830,0.5
28574,0.5
11769,0.5
19894,0.5
16657,0.5
11123,0.5
4475,0.5
17010,0.5
2315,0.5
18784,0.5
3847,0.5
21252,0.5
544,0.5
12436,0.5
18775,0.5
26859,0.5
24605,0.5
16320,0.5
16332,0.5
7959,0.5
24975,0.5
6811,0.5
23178,0.5
27514,0.5
1372,0.5
26618,0.5
21161,0.5
2328,0.5
26758,0.5
25548,0.5
16374,0.5
27064,0.5
6042,0.5
10391,0.5
19187,0.5
10171,0.5
11935,0.5
24624,0.5
23587,0.5
2281,0.5
14215,0.5
17041,0.5
222,0.5
17980,0.5
8955,0.5
19139,0.5
18430,0.5
29605,0.5
1139,0.5
4229,0.5
6080,0.5
3387,0.5
22610,0.5
26574,0.5
6217,0.5
9017,0.5
6766,0.5
7851,0.5
26598,0.5
15476,0.5
6090,0.5
1149,0.5
3205,0.5
4117,0.5
26334,0.5
17833,0.5
16471,0.5
1877,0.5
9930,0.5
26925,0.5
17855,0.5
22795,0.5
19160,0.5
22497,0.5
12347,0.5
4759,0.5
6200,0.5
6448,0.5
19611,0.5
4725,0.5
20817,0.5
14467,0.5
12800,0.5
10006,0.5
17811,0.5
16554,0.5
14078,0.5
3822,0.5
1329,0.5
20846,0.5
20369,0.5
28167,0.5
8042,0.5
27030,0.5
21869,0.5
29384,0.5
14062,0.5
21896,0.5
24500,0.5
7950,0.5
25883,0.5
9705,0.5
942,0.5
5018,0.5
2635,0.5
24871,0.5
6849,0.5
20551,0.5
23905,0.5
12015,0.5
7488,0.5
10470,0.5
16019,0.5
7832,0.5
7701,0.5
23475,0.5
14308,0.5
22365,0.5
5287,0.5
7374,0.5
18713,0.5
24656,0.5
14438,0.5
208,0.5
1598,0.5
2340,0.5
3580,0.5
29417,0.5
3852,0.5
4671,0.5
20540,0.5
24229,0.5
3532,0.5
13715,0.5
26401,0.5
25010,0.5
15285,0.5
14588,0.5
18413,0.5
14409,0.5
26301,0.5
1385,0.5
22650,0.5
12806,0.5
18128,0.5
7602,0.5
8991,0.5
22814,0.5
10307,0.5
11861,0.5
10960,0.5
27466,0.5
27926,0.5
22888,0.5
21351,0.5
18493,0.5
26432,0.5
13719,0.5
2402,0.5
16039,0.5
24971,0.5
11337,0.5
14179,0.5
21825,0.5
29222,0.5
4052,0.5
24960,0.5
8017,0.5
29708,0.5
17656,0.5
52,0.5
19552,0.5
17841,0.5
9272,0.5
8286,0.5
27183,0.5
1524,0.5
22488,0.5
12649,0.5
19236,0.5
27358,0.5
10738,0.5
7097,0.5
6663,0.5
8566,0.5
585,0.5
19865,0.5
22251,0.5
25657,0.5
22987,0.5
3258,0.5
15119,0.5
6106,0.5
19733,0.5
9506,0.5
9650,0.5
2774,0.5
21443,0.5
24448,0.5
29574,0.5
11347,0.5
15133,0.5
25311,0.5
21711,0.5
17328,0.5
7469,0.5
5586,0.5
23601,0.5
4851,0.5
22023,0.5
11773,0.5
22802,0.5
29173,0.5
13925,0.5
24991,0.5
8196,0.5
25736,0.5
19263,0.5
15289,0.5
15254,0.5
29299,0.5
11071,0.5
7758,0.5
19996,0.5
27989,0.5
22763,0.5
19820,0.5
12293,0.5
28353,0.5
10149,0.5
18397,0.5
10455,0.5
7570,0.5
8126,0.5
1896,0.5
29832,0.5
27665,0.5
24800,0.5
22939,0.5
7050,0.5
6695,0.5
5689,0.5
785,0.5
7341,0.5
12877,0.5
17114,0.5
2766,0.5
11990,0.5
253,0.5
20692,0.5
2521,0.5
14226,0.5
28657,0.5
23109,0.5
27888,0.5
22185,0.5
27772,0.5
5669,0.5
10288,0.5
14191,0.5
25383,0.5
8276,0.5
15820,0.5
19930,0.5
14879,0.5
5326,0.5
14561,0.5
23896,0.5
19814,0.5
16138,0.5
16178,0.5
25493,0.5
24325,0.5
20005,0.5
25408,0.5
21539,0.5
8093,0.5
20609,0.5
29753,0.5
6211,0.5
5265,0.5
5274,0.5
23154,0.5
23735,0.5
4283,0.5
18201,0.5
21993,0.5
26890,0.5
29128,0.5
17987,0.5
18753,0.5
5266,0.5
27938,0.5
9363,0.5
26808,0.5
28714,0.5
26716,0.5
26800,0.5
29030,0.5
17506,0.5
23040,0.5
8710,0.5
26083,0.5
21008,0.5
4507,0.5
14027,0.5
19978,0.5
23029,0.5
16233,0.5
20717,0.5
18328,0.5
21224,0.5
22390,0.5
6056,0.5
29290,0.5
9934,0.5
13789,0.5
6805,0.5
3593,0.5
8037,0.5
14356,0.5
8592,0.5
15818,0.5
5118,0.5
27915,0.5
3984,0.5
13531,0.5
24450,0.5
9924,0.5
23019,0.5
25797,0.5
14238,0.5
70,0.5
15038,0.5
1119,0.5
26809,0.5
8746,0.5
27415,0.5
14773,0.5
7068,0.5
22135,0.5
1793,0.5
21938,0.5
17979,0.5
4435,0.5
16207,0.5
13859,0.5
5100,0.5
9191,0.5
6789,0.5
14709,0.5
721,0.5
2287,0.5
7852,0.5
19226,0.5
17787,0.5
11070,0.5
3898,0.5
9961,0.5
20185,0.5
9213,0.5
7096,0.5
20938,0.5
15195,0.5
17223,0.5
6681,0.5
24239,0.5
25358,0.5
794,0.5
6242,0.5
22909,0.5
15605,0.5
10664,0.5
7750,0.5
22941,0.5
24612,0.5
27555,0.5
1384,0.5
26116,0.5
11907,0.5
29627,0.5
907,0.5
24100,0.5
17869,0.5
3197,0.5
14627,0.5
693,0.5
981,0.5
24278,0.5
27656,0.5
5043,0.5
11382,0.5
11000,0.5
21027,0.5
18675,0.5
4957,0.5
23523,0.5
14465,0.5
12441,0.5
21682,0.5
21973,0.5
10764,0.5
26731,0.5
9354,0.5
8215,0.5
28767,0.5
19245,0.5
3548,0.5
16549,0.5
4247,0.5
23889,0.5
4172,0.5
18175,0.5
13738,0.5
23498,0.5
3403,0.5
11968,0.5
8059,0.5
5516,0.5
8244,0.5
10635,0.5
13922,0.5
27116,0.5
2013,0.5
19224,0.5
2817,0.5
25513,0.5
25825,0.5
15833,0.5
26769,0.5
26098,0.5
19758,0.5
14416,0.5
9519,0.5
26894,0.5
8664,0.5
14190,0.5
13564,0.5
21,0.5
25339,0.5
20011,0.5
24966,0.5
1126,0.5
25117,0.5
24375,0.5
12005,0.5
4642,0.5
6426,0.5
6093,0.5
26267,0.5
4208,0.5
25618,0.5
10309,0.5
18888,0.5
19143,0.5
16949,0.5
27513,0.5
8951,0.5
24094,0.5
28273,0.5
28560,0.5
8278,0.5
14670,0.5
15626,0.5
27969,0.5
20242,0.5
22336,0.5
14271,0.5
8451,0.5
21787,0.5
17017,0.5
9080,0.5
4920,0.5
17542,0.5
12933,0.5
24918,0.5
27591,0.5
26053,0.5
4656,0.5
20192,0.5
19975,0.5
20764,0.5
29445,0.5
10938,0.5
29026,0.5
18773,0.5
23616,0.5
21684,0.5
17709,0.5
16206,0.5
26136,0.5
7269,0.5
11288,0.5
25838,0.5
12235,0.5
28584,0.5
12245,0.5
17820,0.5
7581,0.5
27962,0.5
16523,0.5
10609,0.5
29960,0.5
26299,0.5
2716,0.5
1737,0.5
21035,0.5
15024,0.5
7508,0.5
16286,0.5
1030,0.5
16600,0.5
29575,0.5
29795,0.5
4427,0.5
17832,0.5
8251,0.5
10119,0.5
20400,0.5
17921,0.5
11374,0.5
15182,0.5
20818,0.5
15084,0.5
15444,0.5
15805,0.5
872,0.5
27977,0.5
24316,0.5
8331,0.5
10496,0.5
11465,0.5
4012,0.5
21389,0.5
17123,0.5
26127,0.5
20840,0.5
22522,0.5
5463,0.5
15573,0.5
18310,0.5
18346,0.5
7166,0.5
13429,0.5
20092,0.5
4054,0.5
17015,0.5
25306,0.5
7537,0.5
10272,0.5
4185,0.5
8793,0.5
5637,0.5
23340,0.5
12543,0.5
3096,0.5
22477,0.5
5691,0.5
14829,0.5
23487,0.5
10122,0.5
12961,0.5
24084,0.5
15106,0.5
3632,0.5
388,0.5
26199,0.5
16729,0.5
24672,0.5
22276,0.5
29441,0.5
4840,0.5
7912,0.5
1347,0.5
14468,0.5
7983,0.5
8597,0.5
8576,0.5
20373,0.5
8144,0.5
12942,0.5
18105,0.5
26406,0.5
9651,0.5
7217,0.5
5464,0.5
15551,0.5
15510,0.5
18117,0.5
15000,0.5
24048,0.5
16644,0.5
24569,0.5
23356,0.5
5419,0.5
8398,0.5
21210,0.5
13491,0.5
4363,0.5
27530,0.5
25329,0.5
8089,0.5
21248,0.5
7929,0.5
14367,0.5
1842,0.5
27308,0.5
24231,0.5
8063,0.5
6176,0.5
6201,0.5
20220,0.5
26012,0.5
22254,0.5
20023,0.5
26448,0.5
9955,0.5
282,0.5
24577,0.5
11642,0.5
10575,0.5
25496,0.5
3675,0.5
7422,0.5
27920,0.5
4519,0.5
28458,0.5
13223,0.5
18956,0.5
14639,0.5
15170,0.5
29459,0.5
12292,0.5
12540,0.5
7416,0.5
15210,0.5
23881,0.5
1794,0.5
27955,0.5
15269,0.5
29345,0.5
4771,0.5
27951,0.5
4056,0.5
12043,0.5
17917,0.5
24785,0.5
26806,0.5
13993,0.5
25239,0.5
13055,0.5
22852,0.5
19088,0.5
11527,0.5
5772,0.5
11354,0.5
11960,0.5
27706,0.5
15952,0.5
14316,0.5
24047,0.5
4428,0.5
13489,0.5
5275,0.5
24664,0.5
25607,0.5
17512,0.5
15118,0.5
6951,0.5
28172,0.5
28605,0.5
10374,0.5
12077,0.5
16599,0.5
11454,0.5
1226,0.5
26922,0.5
14091,0.5
27389,0.5
5491,0.5
8204,0.5
4380,0.5
26183,0.5
22516,0.5
22463,0.5
18379,0.5
19778,0.5
19695,0.5
27444,0.5
7836,0.5
5528,0.5
28159,0.5
6838,0.5
6315,0.5
23672,0.5
28008,0.5
12570,0.5
13151,0.5
25993,0.5
1008,0.5
25621,0.5
5332,0.5
28054,0.5
4147,0.5
24907,0.5
14459,0.5
10507,0.5
4888,0.5
15864,0.5
5859,0.5
1734,0.5
28202,0.5
16520,0.5
15311,0.5
1140,0.5
12062,0.5
17135,0.5
6988,0.5
9687,0.5
22762,0.5
15407,0.5
28065,0.5
22562,0.5
12734,0.5
2554,0.5
21983,0.5
8623,0.5
27154,0.5
20962,0.5
13394,0.5
7317,0.5
6887,0.5
24704,0.5
11723,0.5
2199,0.5
20742,0.5
8888,0.5
8425,0.5
22675,0.5
17183,0.5
13586,0.5
29854,0.5
6163,0.5
23023,0.5
15123,0.5
24025,0.5
21118,0.5
17113,0.5
11838,0.5
12793,0.5
6618,0.5
2916,0.5
10949,0.5
20073,0.5
1732,0.5
28983,0.5
15643,0.5
12812,0.5
26377,0.5
13740,0.5
3108,0.5
8737,0.5
4148,0.5
21634,0.5
13508,0.5
518,0.5
14801,0.5
27777,0.5
8573,0.5
25874,0.5
6710,0.5
26763,0.5
12282,0.5
4354,0.5
28226,0.5
8637,0.5
26752,0.5
11130,0.5
16217,0.5
15796,0.5
5882,0.5
29585,0.5
24082,0.5
19797,0.5
27957,0.5
14650,0.5
4804,0.5
5856,0.5
19009,0.5
9179,0.5
6395,0.5
7788,0.5
4452,0.5
6749,0.5
13692,0.5
982,0.5
27764,0.5
24027,0.5
9542,0.5
28543,0.5
3109,0.5
9227,0.5
22743,0.5
21556,0.5
21856,0.5
20265,0.5
26853,0.5
7274,0.5
25082,0.5
5899,0.5
18616,0.5
11197,0.5
906,0.5
15541,0.5
11456,0.5
15470,0.5
11985,0.5
20480,0.5
14585,0.5
26841,0.5
17045,0.5
26244,0.5
22912,0.5
11424,0.5
29151,0.5
23285,0.5
7465,0.5
22834,0.5
21678,0.5
26830,0.5
17002,0.5
18429,0.5
28478,0.5
6134,0.5
6528,0.5
20155,0.5
21182,0.5
13408,0.5
8384,0.5
25359,0.5
14274,0.5
29713,0.5
9149,0.5
11938,0.5
23784,0.5
3414,0.5
1168,0.5
11662,0.5
2429,0.5
8849,0.5
24282,0.5
13613,0.5
19269,0.5
15719,0.5
6295,0.5
5503,0.5
16682,0.5
9526,0.5
8912,0.5
16734,0.5
19527,0.5
583,0.5
15436,0.5
20411,0.5
5039,0.5
10752,0.5
14507,0.5
12527,0.5
7399,0.5
24416,0.5
29879,0.5
12063,0.5
17173,0.5
26647,0.5
5191,0.5
18680,0.5
22037,0.5
16122,0.5
28504,0.5
25949,0.5
19025,0.5
11179,0.5
27033,0.5
13761,0.5
29717,0.5
17793,0.5
1146,0.5
757,0.5
3482,0.5
23777,0.5
4233,0.5
16204,0.5
6595,0.5
8540,0.5
27212,0.5
16219,0.5
29291,0.5
248,0.5
7835,0.5
19805,0.5
28615,0.5
2845,0.5
10772,0.5
6399,0.5
19548,0.5
26110,0.5
15186,0.5
2823,0.5
18110,0.5
21450,0.5
28474,0.5
4750,0.5
979,0.5
2662,0.5
17665,0.5
15394,0.5
4487,0.5
24374,0.5
26273,0.5
328,0.5
16442,0.5
25675,0.5
8863,0.5
10976,0.5
9060,0.5
25187,0.5
15900,0.5
14348,0.5
18274,0.5
11902,0.5
602,0.5
5807,0.5
25121,0.5
11407,0.5
432,0.5
5513,0.5
18336,0.5
219,0.5
18419,0.5
8874,0.5
3918,0.5
24042,0.5
14748,0.5
11221,0.5
5879,0.5
26371,0.5
18629,0.5
25030,0.5
4971,0.5
22042,0.5
12309,0.5
2986,0.5
6449,0.5
7770,0.5
20533,0.5
1990,0.5
25908,0.5
2034,0.5
23359,0.5
24589,0.5
20359,0.5
22303,0.5
18275,0.5
103,0.5
22052,0.5
21310,0.5
27934,0.5
25899,0.5
25381,0.5
27392,0.5
11598,0.5
4133,0.5
22301,0.5
735,0.5
8978,0.5
12372,0.5
28187,0.5
121,0.5
12521,0.5
15560,0.5
16828,0.5
14160,0.5
25758,0.5
8666,0.5
22674,0.5
14370,0.5
18908,0.5
11777,0.5
28878,0.5
16824,0.5
29411,0.5
21596,0.5
25782,0.5
10847,0.5
19380,0.5
28288,0.5
16359,0.5
21404,0.5
23951,0.5
2562,0.5
10595,0.5
10765,0.5
8466,0.5
23822,0.5
24160,0.5
7554,0.5
15239,0.5
334,0.5
18693,0.5
20158,0.5
24052,0.5
10551,0.5
6871,0.5
7413,0.5
27075,0.5
27189,0.5
23422,0.5
1038,0.5
8374,0.5
6203,0.5
22860,0.5
3158,0.5
17164,0.5
23504,0.5
15112,0.5
26638,0.5
9960,0.5
14910,0.5
7680,0.5
4903,0.5
14455,0.5
24493,0.5
6600,0.5
20269,0.5
23303,0.5
2909,0.5
13454,0.5
23503,0.5
1232,0.5
4839,0.5
8905,0.5
871,0.5
13301,0.5
12067,0.5
26353,0.5
21213,0.5
2190,0.5
26462,0.5
11163,0.5
20237,0.5
25458,0.5
22399,0.5
24214,0.5
12052,0.5
16782,0.5
6764,0.5
5617,0.5
538,0.5
20612,0.5
3307,0.5
22038,0.5
850,0.5
309,0.5
14177,0.5
8803,0.5
6330,0.5
23495,0.5
1539,0.5
20961,0.5
27094,0.5
25989,0.5
27216,0.5
7817,0.5
25965,0.5
25453,0.5
23079,0.5
26185,0.5
28135,0.5
16673,0.5
21048,0.5
9701,0.5
22808,0.5
5960,0.5
28949,0.5
5192,0.5
15967,0.5
7009,0.5
26774,0.5
8984,0.5
16956,0.5
2664,0.5
12761,0.5
17365,0.5
16786,0.5
12691,0.5
11124,0.5
966,0.5
25474,0.5
28430,0.5
14499,0.5
28355,0.5
7600,0.5
10656,0.5
25524,0.5
5585,0.5
26977,0.5
13492,0.5
18483,0.5
29019,0.5
11525,0.5
15779,0.5
22457,0.5
10961,0.5
7321,0.5
11027,0.5
11840,0.5
16373,0.5
15938,0.5
16655,0.5
10891,0.5
26996,0.5
16032,0.5
24344,0.5
18758,0.5
19973,0.5
15855,0.5
11566,0.5
23118,0.5
6363,0.5
23598,0.5
13645,0.5
17433,0.5
12422,0.5
2206,0.5
690,0.5
1527,0.5
10217,0.5
1628,0.5
4769,0.5
511,0.5
11885,0.5
3817,0.5
23277,0.5
1474,0.5
10794,0.5
22102,0.5
16964,0.5
9984,0.5
12658,0.5
4396,0.5
20982,0.5
2125,0.5
4752,0.5
3816,0.5
28832,0.5
20350,0.5
27438,0.5
21432,0.5
17078,0.5
18756,0.5
24614,0.5
11740,0.5
4430,0.5
5001,0.5
13205,0.5
23682,0.5
3124,0.5
5775,0.5
15357,0.5
4818,0.5
12868,0.5
15035,0.5
3841,0.5
29061,0.5
17898,0.5
11014,0.5
14559,0.5
19061,0.5
17766,0.5
19889,0.5
19979,0.5
1379,0.5
7205,0.5
10552,0.5
18557,0.5
15140,0.5
7710,0.5
22388,0.5
20837,0.5
9473,0.5
23906,0.5
17543,0.5
6002,0.5
10705,0.5
2120,0.5
22525,0.5
2367,0.5
10599,0.5
15589,0.5
15493,0.5
4707,0.5
15530,0.5
7849,0.5
2738,0.5
18546,0.5
13879,0.5
20006,0.5
6604,0.5
21492,0.5
17966,0.5
29586,0.5
14539,0.5
21738,0.5
26544,0.5
13327,0.5
17745,0.5
11962,0.5
4167,0.5
25605,0.5
29241,0.5
29281,0.5
19899,0.5
22828,0.5
23539,0.5
11648,0.5
16330,0.5
11093,0.5
16762,0.5
514,0.5
1380,0.5
20090,0.5
26538,0.5
21744,0.5
14441,0.5
17190,0.5
19343,0.5
18983,0.5
3858,0.5
18909,0.5
13909,0.5
24839,0.5
20465,0.5
1171,0.5
8511,0.5
16344,0.5
18181,0.5
20442,0.5
9535,0.5
3073,0.5
13324,0.5
6250,0.5
23308,0.5
8507,0.5
8073,0.5
243,0.5
5647,0.5
9681,0.5
11403,0.5
26347,0.5
15042,0.5
29093,0.5
29175,0.5
2138,0.5
3574,0.5
22341,0.5
18293,0.5
24106,0.5
7075,0.5
12605,0.5
2649,0.5
27542,0.5
12075,0.5
8048,0.5
19725,0.5
26548,0.5
20199,0.5
12579,0.5
16295,0.5
27674,0.5
18836,0.5
12891,0.5
5919,0.5
12791,0.5
11684,0.5
9618,0.5
8981,0.5
3572,0.5
11006,0.5
1984,0.5
16661,0.5
4101,0.5
11918,0.5
28526,0.5
16084,0.5
18134,0.5
15786,0.5
21688,0.5
5406,0.5
11315,0.5
16829,0.5
1890,0.5
24371,0.5
18145,0.5
5863,0.5
5661,0.5
6937,0.5
28229,0.5
8366,0.5
17160,0.5
11452,0.5
5640,0.5
6745,0.5
3993,0.5
1708,0.5
6928,0.5
15062,0.5
5369,0.5
18725,0.5
19489,0.5
13750,0.5
24747,0.5
992,0.5
13474,0.5
11251,0.5
18767,0.5
17303,0.5
6950,0.5
26178,0.5
22386,0.5
7405,0.5
17373,0.5
27272,0.5
14921,0.5
2864,0.5
21152,0.5
9615,0.5
4255,0.5
4856,0.5
22925,0.5
403,0.5
20485,0.5
20018,0.5
27042,0.5
26978,0.5
21699,0.5
7372,0.5
3106,0.5
23016,0.5
29630,0.5
16281,0.5
15554,0.5
29654,0.5
25046,0.5
753,0.5
23325,0.5
16460,0.5
29887,0.5
8517,0.5
14159,0.5
6333,0.5
2240,0.5
10450,0.5
13458,0.5
5830,0.5
29359,0.5
27379,0.5
15798,0.5
25743,0.5
23507,0.5
23894,0.5
11859,0.5
22752,0.5
2815,0.5
25687,0.5
17439,0.5
19549,0.5
10984,0.5
14204,0.5
28041,0.5
4588,0.5
23282,0.5
14956,0.5
12267,0.5
14802,0.5
9326,0.5
2119,0.5
15281,0.5
21978,0.5
11945,0.5
4976,0.5
4113,0.5
19877,0.5
26876,0.5
2313,0.5
18517,0.5
15989,0.5
2220,0.5
27683,0.5
25751,0.5
5337,0.5
8323,0.5
23168,0.5
17742,0.5
25815,0.5
23883,0.5
16051,0.5
7739,0.5
3273,0.5
28231,0.5
19714,0.5
22785,0.5
21129,0.5
21413,0.5
28520,0.5
5493,0.5
18540,0.5
7320,0.5
8178,0.5
16443,0.5
4369,0.5
24382,0.5
26179,0.5
12127,0.5
13618,0.5
19590,0.5
25871,0.5
7319,0.5
4908,0.5
13667,0.5
29791,0.5
10348,0.5
13275,0.5
14811,0.5
15499,0.5
16628,0.5
2075,0.5
1239,0.5
28214,0.5
9796,0.5
1579,0.5
27965,0.5
1295,0.5
15494,0.5
10522,0.5
12327,0.5
29751,0.5
17272,0.5
27322,0.5
28813,0.5
7036,0.5
863,0.5
27551,0.5
12497,0.5
18489,0.5
6869,0.5
27414,0.5
7669,0.5
27862,0.5
16162,0.5
10012,0.5
16170,0.5
5116,0.5
8236,0.5
4368,0.5
12821,0.5
15939,0.5
28304,0.5
28340,0.5
16450,0.5
26450,0.5
29938,0.5
27967,0.5
25670,0.5
12442,0.5
3783,0.5
14937,0.5
5385,0.5
13995,0.5
19465,0.5
13599,0.5
15261,0.5
27742,0.5
26968,0.5
22220,0.5
15003,0.5
26166,0.5
21358,0.5
15517,0.5
19488,0.5
25299,0.5
7653,0.5
357,0.5
6037,0.5
2522,0.5
3144,0.5
9571,0.5
5763,0.5
1756,0.5
8094,0.5
7109,0.5
7671,0.5
18748,0.5
21528,0.5
4090,0.5
24396,0.5
5153,0.5
13899,0.5
9372,0.5
11271,0.5
25921,0.5
13406,0.5
7389,0.5
1891,0.5
18243,0.5
16919,0.5
9450,0.5
12214,0.5
13649,0.5
24062,0.5
12260,0.5
3173,0.5
11802,0.5
25719,0.5
9602,0.5
13031,0.5
13257,0.5
8505,0.5
25418,0.5
12838,0.5
13076,0.5
18610,0.5
3486,0.5
6625,0.5
19121,0.5
3856,0.5
3356,0.5
3861,0.5
29437,0.5
19273,0.5
9273,0.5
17039,0.5
8541,0.5
18926,0.5
10722,0.5
15460,0.5
3182,0.5
4355,0.5
28672,0.5
17121,0.5
22496,0.5
8553,0.5
21710,0.5
7345,0.5
13663,0.5
10894,0.5
22725,0.5
13121,0.5
25077,0.5
23608,0.5
2926,0.5
20418,0.5
24859,0.5
515,0.5
18963,0.5
6380,0.5
2656,0.5
3001,0.5
26479,0.5
8837,0.5
4890,0.5
15933,0.5
74,0.5
17837,0.5
15379,0.5
11220,0.5
2321,0.5
24388,0.5
17291,0.5
10935,0.5
6989,0.5
11994,0.5
20029,0.5
23140,0.5
150,0.5
5359,0.5
9689,0.5
2795,0.5
18692,0.5
12904,0.5
25055,0.5
17993,0.5
7375,0.5
4899,0.5
21828,0.5
19965,0.5
4353,0.5
6982,0.5
12072,0.5
9071,0.5
24899,0.5
25637,0.5
4250,0.5
18422,0.5
28043,0.5
26156,0.5
9730,0.5
9247,0.5
14929,0.5
17258,0.5
20362,0.5
16142,0.5
2577,0.5
29757,0.5
14001,0.5
23329,0.5
14448,0.5
322,0.5
28009,0.5
18914,0.5
19753,0.5
365,0.5
16712,0.5
12335,0.5
12607,0.5
27596,0.5
19673,0.5
18343,0.5
14836,0.5
21421,0.5
27482,0.5
1287,0.5
9597,0.5
11367,0.5
17845,0.5
4700,0.5
8128,0.5
11531,0.5
9929,0.5
82,0.5
29803,0.5
6888,0.5
26055,0.5
5987,0.5
6649,0.5
1861,0.5
24961,0.5
28599,0.5
26917,0.5
468,0.5
28638,0.5
26125,0.5
27261,0.5
8603,0.5
24518,0.5
1899,0.5
268,0.5
26916,0.5
24697,0.5
1144,0.5
3316,0.5
8860,0.5
11002,0.5
688,0.5
3421,0.5
13109,0.5
23460,0.5
19729,0.5
28503,0.5
608,0.5
24593,0.5
16947,0.5
4146,0.5
8663,0.5
3530,0.5
1370,0.5
21995,0.5
16422,0.5
13880,0.5
27673,0.5
13289,0.5
11857,0.5
23812,0.5
11394,0.5
10430,0.5
14036,0.5
24011,0.5
25541,0.5
2042,0.5
26211,0.5
5995,0.5
27339,0.5
19478,0.5
2696,0.5
21901,0.5
29288,0.5
20544,0.5
24730,0.5
23231,0.5
23727,0.5
17598,0.5
17795,0.5
27606,0.5
305,0.5
24840,0.5
12358,0.5
22071,0.5
19497,0.5
20656,0.5
29455,0.5
3038,0.5
4659,0.5
17623,0.5
32,0.5
8306,0.5
25098,0.5
29165,0.5
13437,0.5
22929,0.5
17627,0.5
7249,0.5
21110,0.5
12224,0.5
18747,0.5
19591,0.5
9649,0.5
19884,0.5
18931,0.5
24976,0.5
15291,0.5
16417,0.5
24352,0.5
13923,0.5
21715,0.5
4875,0.5
21399,0.5
28260,0.5
22730,0.5
12653,0.5
3545,0.5
8220,0.5
22847,0.5
23620,0.5
573,0.5
9390,0.5
12612,0.5
10862,0.5
29333,0.5
5466,0.5
11204,0.5
10634,0.5
20134,0.5
29002,0.5
19888,0.5
9832,0.5
24887,0.5
20790,0.5
9474,0.5
2198,0.5
24678,0.5
15356,0.5
26464,0.5
11629,0.5
2347,0.5
3134,0.5
25007,0.5
23243,0.5
21697,0.5
5848,0.5
25826,0.5
27217,0.5
27910,0.5
27499,0.5
26100,0.5
8337,0.5
29847,0.5
2277,0.5
4514,0.5
23183,0.5
26137,0.5
567,0.5
11630,0.5
6554,0.5
12417,0.5
25105,0.5
14611,0.5
17748,0.5
20615,0.5
21375,0.5
23605,0.5
4608,0.5
13196,0.5
11512,0.5
6924,0.5
14950,0.5
4811,0.5
24915,0.5
19261,0.5
26332,0.5
12303,0.5
4192,0.5
29263,0.5
9653,0.5
4813,0.5
21206,0.5
8194,0.5
23361,0.5
14211,0.5
6409,0.5
13499,0.5
3566,0.5
22437,0.5
23245,0.5
21943,0.5
16222,0.5
20831,0.5
11077,0.5
8332,0.5
6058,0.5
14486,0.5
16979,0.5
29814,0.5
26920,0.5
11140,0.5
9860,0.5
13806,0.5
25904,0.5
26246,0.5
14859,0.5
6860,0.5
5970,0.5
26656,0.5
28429,0.5
5214,0.5
16351,0.5
27556,0.5
4203,0.5
4898,0.5
12032,0.5
23583,0.5
16746,0.5
21721,0.5
21535,0.5
14076,0.5
106,0.5
6202,0.5
974,0.5
20356,0.5
9752,0.5
13762,0.5
12291,0.5
14013,0.5
23687,0.5
26400,0.5
11335,0.5
2740,0.5
9605,0.5
26118,0.5
21317,0.5
28247,0.5
20252,0.5
23776,0.5
24687,0.5
10774,0.5
19195,0.5
12556,0.5
16234,0.5
11491,0.5
783,0.5
2712,0.5
23428,0.5
21633,0.5
4288,0.5
4741,0.5
8872,0.5
12142,0.5
8783,0.5
16575,0.5
14668,0.5
9188,0.5
24932,0.5
11676,0.5
14864,0.5
6980,0.5
6808,0.5
9296,0.5
24196,0.5
28435,0.5
19919,0.5
12516,0.5
5786,0.5
2382,0.5
13630,0.5
23578,0.5
9888,0.5
1785,0.5
1045,0.5
17659,0.5
27046,0.5
13707,0.5
13641,0.5
13256,0.5
16759,0.5
6610,0.5
19021,0.5
8624,0.5
6916,0.5
10408,0.5
10091,0.5
14996,0.5
13662,0.5
3802,0.5
23843,0.5
5298,0.5
10224,0.5
28261,0.5
23116,0.5
15115,0.5
652,0.5
28572,0.5
26825,0.5
24666,0.5
25432,0.5
11212,0.5
6643,0.5
14369,0.5
5702,0.5
19205,0.5
11231,0.5
11650,0.5
23684,0.5
18611,0.5
19773,0.5
24360,0.5
3627,0.5
28731,0.5
5113,0.5
18224,0.5
21417,0.5
913,0.5
26794,0.5
11165,0.5
9253,0.5
5609,0.5
27563,0.5
12181,0.5
29144,0.5
15011,0.5
8613,0.5
2316,0.5
13020,0.5
11499,0.5
15762,0.5
11050,0.5
16398,0.5
17551,0.5
26646,0.5
8389,0.5
15076,0.5
29609,0.5
14886,0.5
3884,0.5
18715,0.5
29528,0.5
8980,0.5
9511,0.5
24891,0.5
28488,0.5
4039,0.5
2101,0.5
17504,0.5
10158,0.5
23253,0.5
14104,0.5
8261,0.5
7340,0.5
10473,0.5
18843,0.5
26764,0.5
11083,0.5
26659,0.5
23297,0.5
21298,0.5
18000,0.5
26719,0.5
18735,0.5
26344,0.5
6992,0.5
5040,0.5
25038,0.5
14936,0.5
17453,0.5
21826,0.5
20684,0.5
6232,0.5
10100,0.5
3368,0.5
6607,0.5
224,0.5
2595,0.5
21805,0.5
8237,0.5
21205,0.5
17378,0.5
27166,0.5
454,0.5
9595,0.5
19878,0.5
25837,0.5
11366,0.5
23111,0.5
6483,0.5
4935,0.5
6279,0.5
18952,0.5
2354,0.5
25848,0.5
19500,0.5
1912,0.5
3965,0.5
19250,0.5
12255,0.5
18912,0.5
19341,0.5
26990,0.5
2392,0.5
18896,0.5
24557,0.5
23558,0.5
4269,0.5
2527,0.5
27869,0.5
2782,0.5
4226,0.5
912,0.5
5200,0.5
26361,0.5
13716,0.5
1321,0.5
13118,0.5
3806,0.5
16567,0.5
20859,0.5
4765,0.5
22589,0.5
582,0.5
4915,0.5
3224,0.5
24440,0.5
2941,0.5
19225,0.5
28724,0.5
12981,0.5
27008,0.5
22328,0.5
9663,0.5
23543,0.5
5698,0.5
20209,0.5
29320,0.5
7906,0.5
16486,0.5
21257,0.5
18598,0.5
14387,0.5
23817,0.5
20133,0.5
11447,0.5
23999,0.5
3699,0.5
27981,0.5
20535,0.5
16708,0.5
1811,0.5
12744,0.5
17764,0.5
12682,0.5
18501,0.5
18204,0.5
11428,0.5
15248,0.5
7233,0.5
20996,0.5
888,0.5
8876,0.5
25033,0.5
16306,0.5
1027,0.5
25036,0.5
15633,0.5
7133,0.5
11295,0.5
11900,0.5
27644,0.5
27600,0.5
19400,0.5
24928,0.5
16630,0.5
21576,0.5
27357,0.5
10549,0.5
6087,0.5
471,0.5
716,0.5
10721,0.5
3742,0.5
6136,0.5
25958,0.5
28666,0.5
13368,0.5
5379,0.5
17535,0.5
6959,0.5
11691,0.5
27469,0.5
28870,0.5
12222,0.5
18072,0.5
28879,0.5
19848,0.5
4454,0.5
5305,0.5
25698,0.5
12636,0.5
19086,0.5
10347,0.5
13711,0.5
12972,0.5
4129,0.5
6364,0.5
17316,0.5
1745,0.5
26982,0.5
2558,0.5
14744,0.5
19443,0.5
5798,0.5
3090,0.5
19313,0.5
28837,0.5
14607,0.5
28131,0.5
12777,0.5
12698,0.5
16088,0.5
1707,0.5
6852,0.5
18227,0.5
27731,0.5
7858,0.5
6361,0.5
12671,0.5
27906,0.5
29053,0.5
1599,0.5
21099,0.5
20022,0.5
21079,0.5
13122,0.5
2631,0.5
6421,0.5
29367,0.5
24553,0.5
26772,0.5
10452,0.5
11781,0.5
29018,0.5
19796,0.5
17424,0.5
16145,0.5
27827,0.5
27299,0.5
1670,0.5
4896,0.5
13699,0.5
24489,0.5
16651,0.5
11328,0.5
7065,0.5
29210,0.5
12476,0.5
11045,0.5
24538,0.5
6617,0.5
9906,0.5
13281,0.5
18876,0.5
644,0.5
11528,0.5
21208,0.5
27447,0.5
15325,0.5
10824,0.5
768,0.5
43,0.5
23106,0.5
13460,0.5
345,0.5
29058,0.5
29849,0.5
16073,0.5
5878,0.5
22438,0.5
17352,0.5
8649,0.5
118,0.5
10828,0.5
23293,0.5
9016,0.5
27142,0.5
18988,0.5
18027,0.5
13840,0.5
6355,0.5
9076,0.5
17449,0.5
2882,0.5
15614,0.5
80,0.5
26597,0.5
26385,0.5
12867,0.5
15152,0.5
3814,0.5
983,0.5
20387,0.5
12861,0.5
26078,0.5
15456,0.5
11957,0.5
18838,0.5
25407,0.5
5991,0.5
25309,0.5
20469,0.5
20177,0.5
18619,0.5
7641,0.5
12768,0.5
13955,0.5
26860,0.5
8656,0.5
8180,0.5
28916,0.5
19316,0.5
14029,0.5
13668,0.5
26155,0.5
17550,0.5
20783,0.5
2179,0.5
14355,0.5
19680,0.5
23644,0.5
20580,0.5
14408,0.5
5694,0.5
4539,0.5
10813,0.5
10684,0.5
29628,0.5
21639,0.5
10766,0.5
353,0.5
3471,0.5
19931,0.5
28765,0.5
19694,0.5
22951,0.5
4276,0.5
1246,0.5
9398,0.5
27785,0.5
9739,0.5
13579,0.5
13969,0.5
3191,0.5
8758,0.5
26857,0.5
9329,0.5
6431,0.5
2492,0.5
3981,0.5
26307,0.5
2121,0.5
2516,0.5
27628,0.5
13390,0.5
14564,0.5
17461,0.5
23500,0.5
27093,0.5
13387,0.5
6293,0.5
15103,0.5
27196,0.5
21760,0.5
6050,0.5
2113,0.5
8745,0.5
11064,0.5
14861,0.5
27773,0.5
23213,0.5
3393,0.5
13833,0.5
10618,0.5
24761,0.5
24545,0.5
23028,0.5
6868,0.5
8865,0.5
18216,0.5
15317,0.5
8407,0.5
6129,0.5
9980,0.5
25371,0.5
8009,0.5
14379,0.5
1920,0.5
6004,0.5
21512,0.5
17094,0.5
27781,0.5
1937,0.5
18168,0.5
21333,0.5
12402,0.5
10023,0.5
4858,0.5
26712,0.5
11959,0.5
27805,0.5
24295,0.5
9757,0.5
17053,0.5
8013,0.5
12511,0.5
22155,0.5
18721,0.5
23870,0.5
15714,0.5
20508,0.5
24499,0.5
12622,0.5
19918,0.5
28570,0.5
13060,0.5
6854,0.5
29449,0.5
13741,0.5
3853,0.5
3213,0.5
2463,0.5
3254,0.5
25961,0.5
18114,0.5
23481,0.5
21489,0.5
24081,0.5
5985,0.5
8521,0.5
20273,0.5
27197,0.5
13770,0.5
19437,0.5
20147,0.5
13559,0.5
16015,0.5
22193,0.5
20835,0.5
29530,0.5
5589,0.5
6839,0.5
3132,0.5
21030,0.5
11449,0.5
12057,0.5
26971,0.5
19886,0.5
5983,0.5
25770,0.5
26282,0.5
28019,0.5
2334,0.5
3202,0.5
1282,0.5
9412,0.5
27768,0.5
16739,0.5
21853,0.5
543,0.5
28984,0.5
26500,0.5
17976,0.5
23007,0.5
5283,0.5
28706,0.5
22709,0.5
2091,0.5
18250,0.5
9913,0.5
27374,0.5
9371,0.5
16870,0.5
16013,0.5
25800,0.5
8672,0.5
13091,0.5
19206,0.5
12960,0.5
19839,0.5
9396,0.5
24211,0.5
11193,0.5
20762,0.5
6857,0.5
27743,0.5
25702,0.5
1262,0.5
8340,0.5
14264,0.5
20308,0.5
9327,0.5
4852,0.5
23355,0.5
16714,0.5
26080,0.5
7407,0.5
3449,0.5
2560,0.5
23724,0.5
2609,0.5
8575,0.5
3325,0.5
28137,0.5
23204,0.5
17320,0.5
26515,0.5
8931,0.5
4715,0.5
14804,0.5
4244,0.5
2576,0.5
1618,0.5
12485,0.5
18867,0.5
17615,0.5
14483,0.5
1528,0.5
10937,0.5
16602,0.5
17422,0.5
15520,0.5
6822,0.5
15206,0.5
26798,0.5
8686,0.5
7623,0.5
26791,0.5
2005,0.5
28222,0.5
3265,0.5
12249,0.5
7665,0.5
27651,0.5
9170,0.5
13298,0.5
10030,0.5
20377,0.5
8839,0.5
4728,0.5
12228,0.5
10032,0.5
9514,0.5
25841,0.5
27715,0.5
23597,0.5
8426,0.5
24931,0.5
20559,0.5
19642,0.5
12642,0.5
29752,0.5
28618,0.5
15728,0.5
28926,0.5
8373,0.5
21946,0.5
29017,0.5
20625,0.5
13218,0.5
24269,0.5
6574,0.5
421,0.5
7045,0.5
9086,0.5
27623,0.5
25344,0.5
17167,0.5
3862,0.5
15028,0.5
25532,0.5
28173,0.5
18209,0.5
11707,0.5
11085,0.5
21453,0.5
24884,0.5
27762,0.5
3515,0.5
20335,0.5
22187,0.5
7484,0.5
2797,0.5
22355,0.5
25699,0.5
27359,0.5
2627,0.5
29079,0.5
13602,0.5
2380,0.5
7918,0.5
4570,0.5
14584,0.5
23622,0.5
23366,0.5
5404,0.5
14240,0.5
4060,0.5
2401,0.5
19678,0.5
10333,0.5
21016,0.5
7419,0.5
17922,0.5
17405,0.5
3058,0.5
20689,0.5
15124,0.5
4548,0.5
980,0.5
14016,0.5
9562,0.5
4350,0.5
7252,0.5
17404,0.5
21788,0.5
7928,0.5
20408,0.5
29033,0.5
26121,0.5
17875,0.5
4734,0.5
23235,0.5
20053,0.5
18140,0.5
17622,0.5
1026,0.5
22809,0.5
6553,0.5
11228,0.5
10797,0.5
4118,0.5
11139,0.5
15784,0.5
26407,0.5
24261,0.5
14579,0.5
1148,0.5
15335,0.5
6393,0.5
11378,0.5
9702,0.5
22318,0.5
28487,0.5
7875,0.5
6570,0.5
12064,0.5
5034,0.5
17153,0.5
13163,0.5
21212,0.5
25823,0.5
10069,0.5
19922,0.5
15238,0.5
9377,0.5
29529,0.5
8284,0.5
26496,0.5
18425,0.5
9570,0.5
16814,0.5
2877,0.5
15367,0.5
8756,0.5
3787,0.5
6183,0.5
28872,0.5
18900,0.5
25707,0.5
24380,0.5
18230,0.5
15402,0.5
26097,0.5
24717,0.5
12945,0.5
4190,0.5
23603,0.5
20522,0.5
2648,0.5
3190,0.5
8554,0.5
2548,0.5
16291,0.5
1744,0.5
29842,0.5
22378,0.5
29135,0.5
22621,0.5
10800,0.5
14963,0.5
5815,0.5
21337,0.5
21974,0.5
26213,0.5
16194,0.5
19653,0.5
19634,0.5
17023,0.5
9592,0.5
4318,0.5
18960,0.5
20251,0.5
20895,0.5
10879,0.5
9483,0.5
8411,0.5
7523,0.5
16227,0.5
25475,0.5
540,0.5
5485,0.5
26472,0.5
18850,0.5
8802,0.5
18929,0.5
8504,0.5
16046,0.5
10077,0.5
5927,0.5
4262,0.5
1310,0.5
17882,0.5
8918,0.5
8529,0.5
22872,0.5
3945,0.5
2219,0.5
3679,0.5
12349,0.5
18567,0.5
23511,0.5
27942,0.5
15831,0.5
680,0.5
4721,0.5
3420,0.5
17895,0.5
27034,0.5
24158,0.5
26955,0.5
9561,0.5
516,0.5
6096,0.5
9475,0.5
19807,0.5
24819,0.5
12885,0.5
648,0.5
26327,0.5
13142,0.5
20436,0.5
5639,0.5
7790,0.5
14866,0.5
5646,0.5
17658,0.5
10587,0.5
24674,0.5
6776,0.5
23256,0.5
17087,0.5
19015,0.5
9952,0.5
2349,0.5
13538,0.5
12944,0.5
15593,0.5
3429,0.5
18835,0.5
29052,0.5
8210,0.5
21042,0.5
9643,0.5
9124,0.5
5541,0.5
16449,0.5
28021,0.5
28013,0.5
10816,0.5
22288,0.5
27898,0.5
19498,0.5
26380,0.5
17067,0.5
23320,0.5
3509,0.5
16453,0.5
9936,0.5
29637,0.5
3939,0.5
20672,0.5
11084,0.5
3130,0.5
27378,0.5
22221,0.5
1908,0.5
1567,0.5
22168,0.5
21467,0.5
16544,0.5
13322,0.5
7063,0.5
17260,0.5
13329,0.5
2524,0.5
5291,0.5
27126,0.5
6222,0.5
535,0.5
19531,0.5
2326,0.5
16127,0.5
11637,0.5
27351,0.5
21798,0.5
2230,0.5
28710,0.5
15866,0.5
2951,0.5
16668,0.5
2137,0.5
17145,0.5
10748,0.5
112,0.5
22076,0.5
26105,0.5
10903,0.5
8074,0.5
25342,0.5
21343,0.5
21574,0.5
16582,0.5
20841,0.5
10513,0.5
27106,0.5
17726,0.5
17839,0.5
15036,0.5
29582,0.5
16497,0.5
14658,0.5
11291,0.5
29255,0.5
8533,0.5
7015,0.5
11862,0.5
20589,0.5
3283,0.5
26565,0.5
11655,0.5
5068,0.5
1942,0.5
27325,0.5
1132,0.5
15075,0.5
21587,0.5
21743,0.5
9244,0.5
10694,0.5
16434,0.5
14463,0.5
3463,0.5
27388,0.5
13617,0.5
26206,0.5
5994,0.5
8153,0.5
148,0.5
17290,0.5
4844,0.5
23186,0.5
10096,0.5
1709,0.5
11789,0.5
28026,0.5
5697,0.5
15169,0.5
21436,0.5
7610,0.5
16573,0.5
8428,0.5
6432,0.5
5115,0.5
10502,0.5
2659,0.5
15837,0.5
17020,0.5
14616,0.5
20206,0.5
17071,0.5
67,0.5
3129,0.5
19031,0.5
20843,0.5
7223,0.5
29392,0.5
1862,0.5
8725,0.5
29344,0.5
8924,0.5
29597,0.5
10848,0.5
26262,0.5
20425,0.5
15809,0.5
11310,0.5
19052,0.5
9569,0.5
14404,0.5
20250,0.5
7542,0.5
10681,0.5
15794,0.5
1815,0.5
27421,0.5
7882,0.5
19481,0.5
3990,0.5
16589,0.5
28521,0.5
20927,0.5
25123,0.5
11713,0.5
10770,0.5
12702,0.5
11821,0.5
9108,0.5
18088,0.5
12151,0.5
10173,0.5
11238,0.5
25411,0.5
15020,0.5
8611,0.5
19638,0.5
3454,0.5
1233,0.5
13404,0.5
9765,0.5
18717,0.5
23718,0.5
6526,0.5
12900,0.5
20010,0.5
14248,0.5
17540,0.5
25460,0.5
1127,0.5
5545,0.5
19262,0.5
6702,0.5
28898,0.5
17468,0.5
28688,0.5
8171,0.5
25482,0.5
14685,0.5
29347,0.5
5818,0.5
2406,0.5
11339,0.5
18260,0.5
29067,0.5
914,0.5
26994,0.5
11869,0.5
28093,0.5
16477,0.5
13994,0.5
1642,0.5
22074,0.5
10778,0.5
10207,0.5
14432,0.5
12343,0.5
28986,0.5
27439,0.5
5531,0.5
23546,0.5
1611,0.5
8412,0.5
12529,0.5
19786,0.5
9366,0.5
27960,0.5
27208,0.5
81,0.5
14434,0.5
16238,0.5
24373,0.5
8935,0.5
29075,0.5
20884,0.5
8268,0.5
12515,0.5
10673,0.5
19200,0.5
6157,0.5
12301,0.5
26650,0.5
2438,0.5
15100,0.5
14429,0.5
28685,0.5
9858,0.5
26415,0.5
17158,0.5
6520,0.5
28930,0.5
16042,0.5
14136,0.5
11471,0.5
4968,0.5
5306,0.5
8609,0.5
20871,0.5
8140,0.5
26443,0.5
8187,0.5
18085,0.5
5902,0.5
13720,0.5
9353,0.5
855,0.5
11294,0.5
1715,0.5
6126,0.5
19312,0.5
16494,0.5
15839,0.5
6425,0.5
21774,0.5
5518,0.5
21369,0.5
6994,0.5
27691,0.5
68,0.5
10553,0.5
2814,0.5
23834,0.5
492,0.5
25323,0.5
11523,0.5
5519,0.5
18977,0.5
12256,0.5
7480,0.5
15509,0.5
16107,0.5
16392,0.5
19162,0.5
24968,0.5
6032,0.5
11930,0.5
11795,0.5
16636,0.5
5514,0.5
26256,0.5
16565,0.5
21174,0.5
24512,0.5
10471,0.5
14097,0.5
17767,0.5
23217,0.5
15069,0.5
5583,0.5
13375,0.5
24935,0.5
11682,0.5
16401,0.5
22596,0.5
28914,0.5
22863,0.5
17836,0.5
4304,0.5
13380,0.5
556,0.5
24632,0.5
26584,0.5
12498,0.5
16153,0.5
13928,0.5
22997,0.5
10087,0.5
13094,0.5
26276,0.5
19970,0.5
11884,0.5
25986,0.5
2913,0.5
20536,0.5
658,0.5
19117,0.5
27255,0.5
20971,0.5
20807,0.5
18440,0.5
23974,0.5
17640,0.5
1131,0.5
25190,0.5
16921,0.5
9228,0.5
15531,0.5
29467,0.5
3616,0.5
4464,0.5
12845,0.5
19897,0.5
18930,0.5
28286,0.5
11616,0.5
10110,0.5
15930,0.5
2616,0.5
9661,0.5
1553,0.5
19809,0.5
17585,0.5
22668,0.5
27081,0.5
14772,0.5
4140,0.5
1537,0.5
25153,0.5
19058,0.5
24302,0.5
21175,0.5
215,0.5
28990,0.5
13823,0.5
17776,0.5
616,0.5
24324,0.5
12917,0.5
15703,0.5
2197,0.5
21145,0.5
9716,0.5
20747,0.5
4278,0.5
5027,0.5
2425,0.5
24153,0.5
23932,0.5
6546,0.5
18832,0.5
22412,0.5
19460,0.5
26983,0.5
15950,0.5
25564,0.5
24281,0.5
8640,0.5
11458,0.5
20440,0.5
18826,0.5
27912,0.5
12545,0.5
8293,0.5
1646,0.5
400,0.5
23267,0.5
11320,0.5
18707,0.5
17336,0.5
22304,0.5
9979,0.5
9820,0.5
21344,0.5
28862,0.5
1572,0.5
3475,0.5
6221,0.5
19480,0.5
13848,0.5
5078,0.5
27328,0.5
21384,0.5
9410,0.5
18232,0.5
1374,0.5
7054,0.5
17457,0.5
3370,0.5
15266,0.5
1981,0.5
17470,0.5
8982,0.5
936,0.5
26357,0.5
27062,0.5
7481,0.5
10316,0.5
16862,0.5
15666,0.5
10370,0.5
21560,0.5
8157,0.5
24539,0.5
15026,0.5
27870,0.5
12769,0.5
20477,0.5
7744,0.5
20648,0.5
22718,0.5
12882,0.5
24490,0.5
24256,0.5
28295,0.5
18158,0.5
19703,0.5
14533,0.5
23271,0.5
18514,0.5
22242,0.5
20163,0.5
26602,0.5
5130,0.5
24170,0.5
15597,0.5
17398,0.5
10662,0.5
20046,0.5
19264,0.5
20281,0.5
9304,0.5
10771,0.5
20323,0.5
10973,0.5
15826,0.5
405,0.5
22415,0.5
2393,0.5
21646,0.5
269,0.5
26456,0.5
25334,0.5
5644,0.5
28436,0.5
10556,0.5
22098,0.5
25327,0.5
21025,0.5
23856,0.5
17227,0.5
15567,0.5
3286,0.5
3141,0.5
23048,0.5
84,0.5
28294,0.5
26900,0.5
20129,0.5
1688,0.5
1681,0.5
28110,0.5
3622,0.5
20181,0.5
8206,0.5
27961,0.5
26953,0.5
6238,0.5
12840,0.5
12990,0.5
9120,0.5
23699,0.5
25606,0.5
7115,0.5
12954,0.5
26047,0.5
18116,0.5
12163,0.5
2279,0.5
7365,0.5
11078,0.5
21136,0.5
14064,0.5
6496,0.5
23376,0.5
27717,0.5
29127,0.5
29209,0.5
6245,0.5
27501,0.5
22324,0.5
19528,0.5
15122,0.5
26782,0.5
7496,0.5
18861,0.5
17343,0.5
3845,0.5
2088,0.5
3589,0.5
5573,0.5
12041,0.5
3154,0.5
3079,0.5
18625,0.5
15543,0.5
11177,0.5
9798,0.5
29156,0.5
19677,0.5
18985,0.5
4894,0.5
10941,0.5
9971,0.5
4447,0.5
24419,0.5
17824,0.5
9908,0.5
26335,0.5
596,0.5
4613,0.5
19723,0.5
11727,0.5
1014,0.5
9769,0.5
15442,0.5
10697,0.5
20582,0.5
18705,0.5
18070,0.5
20732,0.5
3708,0.5
3727,0.5
13830,0.5
20089,0.5
13867,0.5
16901,0.5
7658,0.5
14543,0.5
6518,0.5
4405,0.5
11608,0.5
15435,0.5
19118,0.5
3461,0.5
8930,0.5
18786,0.5
25642,0.5
14847,0.5
23865,0.5
8690,0.5
8280,0.5
1872,0.5
17268,0.5
661,0.5
18478,0.5
9004,0.5
11286,0.5
25742,0.5
4698,0.5
22946,0.5
2556,0.5
254,0.5
8240,0.5
25045,0.5
10407,0.5
13258,0.5
5107,0.5
9380,0.5
11252,0.5
27630,0.5
22096,0.5
24861,0.5
10128,0.5
6565,0.5
2600,0.5
10397,0.5
25349,0.5
8862,0.5
3282,0.5
23599,0.5
10490,0.5
2418,0.5
8574,0.5
25354,0.5
25990,0.5
4058,0.5
2150,0.5
22460,0.5
21237,0.5
9498,0.5
23901,0.5
28156,0.5
8792,0.5
16181,0.5
22527,0.5
28113,0.5
25185,0.5
27675,0.5
3989,0.5
15097,0.5
1476,0.5
1307,0.5
15223,0.5
3701,0.5
6300,0.5
24648,0.5
1643,0.5
22745,0.5
22735,0.5
2433,0.5
11728,0.5
6716,0.5
9411,0.5
17038,0.5
9055,0.5
22479,0.5
2911,0.5
13277,0.5
27866,0.5
29492,0.5
23612,0.5
14267,0.5
24509,0.5
20360,0.5
20145,0.5
15630,0.5
26410,0.5
14197,0.5
29086,0.5
25795,0.5
26386,0.5
7586,0.5
25402,0.5
8253,0.5
23338,0.5
19042,0.5
24003,0.5
16174,0.5
10369,0.5
22513,0.5
4644,0.5
13726,0.5
16243,0.5
15404,0.5
10311,0.5
1160,0.5
1558,0.5
20774,0.5
11757,0.5
8628,0.5
9802,0.5
1074,0.5
29376,0.5
8051,0.5
20741,0.5
21886,0.5
9325,0.5
6531,0.5
12076,0.5
959,0.5
27316,0.5
4836,0.5
20704,0.5
6956,0.5
27704,0.5
29745,0.5
17902,0.5
17074,0.5
26411,0.5
9793,0.5
28725,0.5
8871,0.5
3037,0.5
9174,0.5
28770,0.5
29924,0.5
28591,0.5
7709,0.5
23635,0.5
12466,0.5
8617,0.5
3726,0.5
17230,0.5
10610,0.5
6521,0.5
15556,0.5
7566,0.5
20519,0.5
7243,0.5
13473,0.5
14889,0.5
25676,0.5
18031,0.5
6400,0.5
17321,0.5
14099,0.5
23159,0.5
17430,0.5
23228,0.5
24224,0.5
27901,0.5
29633,0.5
10340,0.5
2733,0.5
23232,0.5
23928,0.5
2710,0.5
25648,0.5
24318,0.5
6967,0.5
22677,0.5
24202,0.5
11044,0.5
17565,0.5
23931,0.5
13241,0.5
15701,0.5
2796,0.5
6494,0.5
4540,0.5
27919,0.5
26038,0.5
3635,0.5
26455,0.5
23268,0.5
20730,0.5
11104,0.5
14299,0.5
8596,0.5
7879,0.5
8472,0.5
4622,0.5
18615,0.5
16240,0.5
19371,0.5
4606,0.5
12314,0.5
29535,0.5
10614,0.5
7803,0.5
8324,0.5
18102,0.5
2247,0.5
4045,0.5
6890,0.5
27771,0.5
28544,0.5
22862,0.5
6424,0.5
28925,0.5
12760,0.5
13601,0.5
25362,0.5
4973,0.5
5596,0.5
4264,0.5
20420,0.5
27404,0.5
13336,0.5
3083,0.5
22028,0.5
8427,0.5
10075,0.5
14077,0.5
13802,0.5
25920,0.5
607,0.5
24695,0.5
2653,0.5
29446,0.5
15013,0.5
25065,0.5
463,0.5
3552,0.5
10750,0.5
27491,0.5
12284,0.5
27807,0.5
28590,0.5
26354,0.5
15377,0.5
17751,0.5
23866,0.5
16917,0.5
8406,0.5
15834,0.5
5753,0.5
28375,0.5
8961,0.5
25414,0.5
25704,0.5
16874,0.5
20224,0.5
384,0.5
997,0.5
13023,0.5
21130,0.5
28450,0.5
138,0.5
24773,0.5
5341,0.5
21965,0.5
15852,0.5
5069,0.5
16528,0.5
13980,0.5
29158,0.5
8679,0.5
19148,0.5
27222,0.5
695,0.5
10070,0.5
4544,0.5
16074,0.5
27700,0.5
20210,0.5
9389,0.5
21659,0.5
14951,0.5
19567,0.5
9718,0.5
4418,0.5
482,0.5
3343,0.5
16402,0.5
10018,0.5
25502,0.5
22950,0.5
19812,0.5
17835,0.5
22493,0.5
23561,0.5
29825,0.5
3873,0.5
15381,0.5
28648,0.5
5912,0.5
2846,0.5
23555,0.5
15732,0.5
9729,0.5
20855,0.5
4387,0.5
4295,0.5
28479,0.5
27051,0.5
15025,0.5
26627,0.5
22227,0.5
21968,0.5
2973,0.5
21367,0.5
29351,0.5
22203,0.5
8820,0.5
18399,0.5
8965,0.5
9392,0.5
14555,0.5
18130,0.5
20460,0.5
8727,0.5
28419,0.5
21782,0.5
14511,0.5
20586,0.5
23683,0.5
24575,0.5
10820,0.5
27151,0.5
29613,0.5
441,0.5
4830,0.5
19463,0.5
16250,0.5
13099,0.5
26689,0.5
13979,0.5
8582,0.5
19100,0.5
12907,0.5
6792,0.5
26948,0.5
13708,0.5
15695,0.5
3136,0.5
26792,0.5
14821,0.5
15913,0.5
7412,0.5
14427,0.5
17098,0.5
24781,0.5
28331,0.5
5205,0.5
27577,0.5
22551,0.5
11075,0.5
18387,0.5
17509,0.5
7299,0.5
5592,0.5
16199,0.5
1063,0.5
226,0.5
22757,0.5
18290,0.5
20789,0.5
4931,0.5
14153,0.5
23045,0.5
27004,0.5
15229,0.5
13200,0.5
5227,0.5
20599,0.5
7044,0.5
21469,0.5
18472,0.5
10589,0.5
1560,0.5
4835,0.5
6801,0.5
5665,0.5
9248,0.5
551,0.5
20889,0.5
14199,0.5
8801,0.5
9527,0.5
14058,0.5
4517,0.5
24431,0.5
201,0.5
8829,0.5
13869,0.5
16785,0.5
23008,0.5
21544,0.5
23065,0.5
9791,0.5
57,0.5
25592,0.5
6084,0.5
26828,0.5
14809,0.5
2608,0.5
587,0.5
8567,0.5
20928,0.5
4998,0.5
29729,0.5
26781,0.5
20349,0.5
11227,0.5
24086,0.5
2674,0.5
14270,0.5
10536,0.5
15817,0.5
24408,0.5
29062,0.5
76,0.5
7111,0.5
5181,0.5
29188,0.5
24116,0.5
4950,0.5
27053,0.5
4035,0.5
1492,0.5
20149,0.5
10916,0.5
15871,0.5
7597,0.5
16961,0.5
17711,0.5
17783,0.5
7452,0.5
25092,0.5
9989,0.5
28303,0.5
19270,0.5
5572,0.5
3581,0.5
1980,0.5
24998,0.5
9434,0.5
10526,0.5
10678,0.5
15537,0.5
14152,0.5
21800,0.5
4757,0.5
13594,0.5
15705,0.5
21490,0.5
20247,0.5
27816,0.5
13721,0.5
8974,0.5
9633,0.5
3408,0.5
28578,0.5
22169,0.5
20305,0.5
928,0.5
15337,0.5
3386,0.5
14505,0.5
1075,0.5
29826,0.5
18074,0.5
28698,0.5
11175,0.5
16161,0.5
4298,0.5
5041,0.5
24798,0.5
10249,0.5
5857,0.5
7939,0.5
26609,0.5
11680,0.5
22577,0.5
2928,0.5
13520,0.5
12488,0.5
5662,0.5
4220,0.5
5677,0.5
6453,0.5
3942,0.5
9540,0.5
13733,0.5
27788,0.5
26973,0.5
21513,0.5
5710,0.5
13016,0.5
22470,0.5
15944,0.5
3059,0.5
13558,0.5
4382,0.5
1590,0.5
21680,0.5
23722,0.5
5012,0.5
10626,0.5
24187,0.5
25809,0.5
21872,0.5
27492,0.5
21311,0.5
19808,0.5
26362,0.5
10657,0.5
27602,0.5
22065,0.5
13918,0.5
29769,0.5
2881,0.5
29563,0.5
15393,0.5
28165,0.5
15919,0.5
3466,0.5
10537,0.5
18890,0.5
28686,0.5
24955,0.5
1359,0.5
15484,0.5
22583,0.5
27446,0.5
5835,0.5
2399,0.5
11636,0.5
27647,0.5
16124,0.5
19615,0.5
16304,0.5
14863,0.5
2946,0.5
174,0.5
24010,0.5
1375,0.5
22825,0.5
12616,0.5
22772,0.5
17965,0.5
8071,0.5
18308,0.5
17986,0.5
22699,0.5
28663,0.5
8618,0.5
24144,0.5
1104,0.5
9220,0.5
11136,0.5
26040,0.5
24669,0.5
12433,0.5
10729,0.5
13954,0.5
29900,0.5
4947,0.5
8488,0.5
12474,0.5
4313,0.5
11540,0.5
11582,0.5
25835,0.5
19821,0.5
26383,0.5
26696,0.5
26692,0.5
21222,0.5
10564,0.5
22469,0.5
18372,0.5
5038,0.5
16681,0.5
10582,0.5
25155,0.5
5618,0.5
7024,0.5
14493,0.5
1795,0.5
5299,0.5
827,0.5
20860,0.5
26340,0.5
13248,0.5
17854,0.5
22550,0.5
8774,0.5
6853,0.5
18003,0.5
17375,0.5
397,0.5
16030,0.5
13731,0.5
28073,0.5
8805,0.5
7423,0.5
23623,0.5
9093,0.5
3400,0.5
11072,0.5
20671,0.5
19127,0.5
23375,0.5
25930,0.5
12473,0.5
29230,0.5
9811,0.5
10849,0.5
3360,0.5
12772,0.5
13466,0.5
10152,0.5
29548,0.5
2133,0.5
13266,0.5
11524,0.5
5240,0.5
3207,0.5
23837,0.5
3212,0.5
19027,0.5
25367,0.5
18334,0.5
24616,0.5
24647,0.5
1325,0.5
15174,0.5
9044,0.5
24745,0.5
24582,0.5
16324,0.5
27727,0.5
826,0.5
9889,0.5
5303,0.5
4379,0.5
5194,0.5
318,0.5
22967,0.5
26932,0.5
27687,0.5
24362,0.5
7214,0.5
11779,0.5
5437,0.5
29485,0.5
15089,0.5
372,0.5
23398,0.5
26654,0.5
23306,0.5
18695,0.5
8908,0.5
15144,0.5
9509,0.5
9625,0.5
15564,0.5
21649,0.5
2528,0.5
24071,0.5
4677,0.5
4009,0.5
11695,0.5
19936,0.5
24191,0.5
19484,0.5
54,0.5
20887,0.5
10200,0.5
7379,0.5
27587,0.5
6105,0.5
19632,0.5
19222,0.5
12110,0.5
27220,0.5
13962,0.5
28919,0.5
2234,0.5
29912,0.5
17207,0.5
3383,0.5
20773,0.5
29794,0.5
28552,0.5
14057,0.5
4414,0.5
29505,0.5
20856,0.5
1506,0.5
25116,0.5
17710,0.5
17090,0.5
2546,0.5
13765,0.5
25393,0.5
9707,0.5
8685,0.5
22893,0.5
13147,0.5
1858,0.5
7625,0.5
20366,0.5
5462,0.5
13453,0.5
1025,0.5
19026,0.5
12258,0.5
17130,0.5
14752,0.5
9252,0.5
13814,0.5
20106,0.5
9553,0.5
22319,0.5
29109,0.5
3012,0.5
14050,0.5
2978,0.5
12841,0.5
5781,0.5
16379,0.5
15513,0.5
11617,0.5
22798,0.5
775,0.5
5600,0.5
932,0.5
8353,0.5
28258,0.5
13369,0.5
21144,0.5
4895,0.5
11298,0.5
25531,0.5
11830,0.5
5615,0.5
1566,0.5
17243,0.5
18488,0.5
5953,0.5
29393,0.5
9313,0.5
27929,0.5
8771,0.5
22143,0.5
10543,0.5
20749,0.5
12254,0.5
28713,0.5
29470,0.5
20573,0.5
6562,0.5
8676,0.5
12965,0.5
10125,0.5
10013,0.5
6062,0.5
6737,0.5
14632,0.5
23467,0.5
13451,0.5
29573,0.5
4409,0.5
18317,0.5
22064,0.5
19580,0.5
12451,0.5
19302,0.5
6532,0.5
7262,0.5
18044,0.5
26269,0.5
8864,0.5
8241,0.5
21713,0.5
15549,0.5
21532,0.5
12865,0.5
1840,0.5
25734,0.5
18194,0.5
964,0.5
10346,0.5
4062,0.5
27891,0.5
24314,0.5
26317,0.5
27671,0.5
6668,0.5
4025,0.5
10817,0.5
22626,0.5
18071,0.5
16745,0.5
27695,0.5
13189,0.5
12392,0.5
5780,0.5
12950,0.5
4857,0.5
3376,0.5
20161,0.5
21933,0.5
8371,0.5
14943,0.5
20700,0.5
2473,0.5
24685,0.5
22536,0.5
18325,0.5
17072,0.5
10895,0.5
22565,0.5
15157,0.5
4563,0.5
10313,0.5
4,0.5
18359,0.5
28048,0.5
20256,0.5
13771,0.5
28533,0.5
27756,0.5
25721,0.5
11372,0.5
24529,0.5
25600,0.5
6699,0.5
19022,0.5
387,0.5
147,0.5
23076,0.5
2292,0.5
8470,0.5
22737,0.5
19098,0.5
4694,0.5
6983,0.5
28742,0.5
13717,0.5
595,0.5
22823,0.5
8532,0.5
22385,0.5
24163,0.5
16526,0.5
10605,0.5
10360,0.5
10980,0.5
8401,0.5
2004,0.5
93,0.5
6429,0.5
14583,0.5
17262,0.5
11775,0.5
15300,0.5
27396,0.5
12741,0.5
1766,0.5
22179,0.5
10290,0.5
11875,0.5
5110,0.5
11614,0.5
5507,0.5
21526,0.5
20811,0.5
26295,0.5
25169,0.5
16409,0.5
21836,0.5
2809,0.5
27065,0.5
5910,0.5
9117,0.5
23549,0.5
23440,0.5
22588,0.5
6318,0.5
7687,0.5
28541,0.5
12644,0.5
16156,0.5
7064,0.5
18728,0.5
29335,0.5
19514,0.5
10854,0.5
19923,0.5
10401,0.5
12588,0.5
18671,0.5
26519,0.5
20180,0.5
29594,0.5
18449,0.5
17480,0.5
23884,0.5
4384,0.5
671,0.5
29624,0.5
22532,0.5
6433,0.5
19109,0.5
10153,0.5
4833,0.5
502,0.5
25097,0.5
29778,0.5
22696,0.5
2698,0.5
20329,0.5
11832,0.5
16427,0.5
12615,0.5
5579,0.5
14092,0.5
10743,0.5
22316,0.5
28704,0.5
28392,0.5
24167,0.5
27214,0.5
16781,0.5
17187,0.5
13801,0.5
21155,0.5
20461,0.5
16035,0.5
897,0.5
9988,0.5
24480,0.5
21773,0.5
4050,0.5
21112,0.5
25652,0.5
27416,0.5
14973,0.5
2435,0.5
5674,0.5
7502,0.5
14418,0.5
2271,0.5
24904,0.5
19209,0.5
20390,0.5
11798,0.5
14359,0.5
21716,0.5
5809,0.5
19189,0.5
17714,0.5
7648,0.5
24200,0.5
6012,0.5
6461,0.5
28970,0.5
5733,0.5
4246,0.5
10026,0.5
7038,0.5
16428,0.5
23004,0.5
1534,0.5
22404,0.5
11202,0.5
4335,0.5
27640,0.5
7113,0.5
21291,0.5
27066,0.5
15879,0.5
12558,0.5
3146,0.5
20291,0.5
6099,0.5
13436,0.5
13758,0.5
27883,0.5
3795,0.5
24103,0.5
14061,0.5
29759,0.5
19563,0.5
17295,0.5
2621,0.5
7466,0.5
1823,0.5
4934,0.5
15260,0.5
21497,0.5
28955,0.5
28718,0.5
3362,0.5
7736,0.5
5031,0.5
2276,0.5
800,0.5
28792,0.5
2787,0.5
9583,0.5
22006,0.5
22906,0.5
14450,0.5
14525,0.5
10476,0.5
860,0.5
11497,0.5
1776,0.5
23103,0.5
28736,0.5
21141,0.5
13698,0.5
13795,0.5
4706,0.5
10989,0.5
23757,0.5
22943,0.5
2448,0.5
6248,0.5
4155,0.5
435,0.5
11460,0.5
20822,0.5
12385,0.5
3076,0.5
23313,0.5
23482,0.5
17649,0.5
11600,0.5
13820,0.5
3051,0.5
6831,0.5
2374,0.5
29125,0.5
392,0.5
27109,0.5
1705,0.5
18667,0.5
29730,0.5
21737,0.5
9556,0.5
459,0.5
22616,0.5
11572,0.5
21014,0.5
8343,0.5
578,0.5
29383,0.5
9596,0.5
11171,0.5
17723,0.5
23182,0.5
3677,0.5
28747,0.5
18218,0.5
19781,0.5
27128,0.5
21307,0.5
18576,0.5
28254,0.5
26866,0.5
13156,0.5
3443,0.5
9800,0.5
28611,0.5
11578,0.5
10969,0.5
14471,0.5
9169,0.5
7411,0.5
23219,0.5
25150,0.5
24028,0.5
21481,0.5
20616,0.5
14719,0.5
15992,0.5
23742,0.5
20944,0.5
26257,0.5
14257,0.5
29161,0.5
10979,0.5
12693,0.5
28630,0.5
24458,0.5
15582,0.5
15380,0.5
15516,0.5
4218,0.5
1916,0.5
22875,0.5
23238,0.5
18511,0.5
29094,0.5
11160,0.5
6796,0.5
9402,0.5
29433,0.5
9991,0.5
16214,0.5
14755,0.5
17738,0.5
3167,0.5
29813,0.5
22870,0.5
6459,0.5
4411,0.5
858,0.5
28900,0.5
9764,0.5
9720,0.5
5277,0.5
8123,0.5
14230,0.5
10205,0.5
18691,0.5
20119,0.5
16844,0.5
1889,0.5
27490,0.5
9565,0.5
8703,0.5
29650,0.5
26909,0.5
16973,0.5
4097,0.5
9896,0.5
1283,0.5
10319,0.5
20678,0.5
683,0.5
8217,0.5
19870,0.5
59,0.5
18683,0.5
20707,0.5
19874,0.5
27282,0.5
21119,0.5
18244,0.5
1109,0.5
2142,0.5
5273,0.5
5250,0.5
9034,0.5
22281,0.5
23772,0.5
2218,0.5
7580,0.5
27460,0.5
9726,0.5
28780,0.5
237,0.5
19685,0.5
11963,0.5
28007,0.5
864,0.5
12550,0.5
25768,0.5
13440,0.5
4221,0.5
26369,0.5
24719,0.5
29413,0.5
17785,0.5
22624,0.5
9426,0.5
13421,0.5
16464,0.5
2390,0.5
20070,0.5
20713,0.5
8300,0.5
28994,0.5
20991,0.5
9998,0.5
14630,0.5
5239,0.5
46,0.5
16969,0.5
13757,0.5
13972,0.5
12390,0.5
10241,0.5
26984,0.5
6837,0.5
3418,0.5
9050,0.5
25586,0.5
8742,0.5
9694,0.5
23767,0.5
22973,0.5
26398,0.5
2892,0.5
21878,0.5
22009,0.5
27035,0.5
13809,0.5
10612,0.5
9731,0.5
17503,0.5
25250,0.5
9627,0.5
25816,0.5
8857,0.5
23074,0.5
19794,0.5
24825,0.5
9623,0.5
5338,0.5
28791,0.5
10050,0.5
20595,0.5
15808,0.5
29306,0.5
28057,0.5
12405,0.5
2395,0.5
2502,0.5
8431,0.5
5495,0.5
22521,0.5
5700,0.5
2597,0.5
21065,0.5
28378,0.5
200,0.5
22835,0.5
1939,0.5
7582,0.5
11256,0.5
2262,0.5
10323,0.5
18770,0.5
310,0.5
14394,0.5
22913,0.5
14887,0.5
1810,0.5
19420,0.5
17296,0.5
16832,0.5
20179,0.5
22484,0.5
7513,0.5
28018,0.5
12120,0.5
21084,0.5
23053,0.5
17746,0.5
2532,0.5
10787,0.5
29824,0.5
1849,0.5
7209,0.5
27206,0.5
6938,0.5
26551,0.5
13639,0.5
17931,0.5
29149,0.5
11921,0.5
21741,0.5
22964,0.5
9077,0.5
3483,0.5
27159,0.5
7989,0.5
26396,0.5
11329,0.5
29859,0.5
6103,0.5
861,0.5
3961,0.5
24622,0.5
1052,0.5
19819,0.5
837,0.5
13340,0.5
27874,0.5
23689,0.5
4248,0.5
25237,0.5
5413,0.5
4946,0.5
15241,0.5
11579,0.5
27809,0.5
13754,0.5
4041,0.5
5947,0.5
28077,0.5
12937,0.5
21914,0.5
15983,0.5
21521,0.5
17731,0.5
29611,0.5
6654,0.5
24698,0.5
9634,0.5
18787,0.5
383,0.5
20389,0.5
18636,0.5
29774,0.5
18631,0.5
11185,0.5
16997,0.5
14506,0.5
19655,0.5
16255,0.5
15145,0.5
8349,0.5
3780,0.5
24601,0.5
19092,0.5
22248,0.5
4046,0.5
5327,0.5
24782,0.5
3240,0.5
21567,0.5
20159,0.5
9733,0.5
28806,0.5
14810,0.5
7894,0.5
12156,0.5
19631,0.5
9472,0.5
22969,0.5
16801,0.5
20392,0.5
13034,0.5
27757,0.5
2322,0.5
11744,0.5
28410,0.5
9624,0.5
1957,0.5
21740,0.5
312,0.5
26248,0.5
9581,0.5
16463,0.5
11886,0.5
16465,0.5
16615,0.5
24442,0.5
29095,0.5
16151,0.5
3072,0.5
13646,0.5
29841,0.5
13685,0.5
12273,0.5
21299,0.5
7747,0.5
3490,0.5
8546,0.5
8494,0.5
13284,0.5
12785,0.5
14260,0.5
8890,0.5
26099,0.5
2048,0.5
4963,0.5
27463,0.5
12364,0.5
627,0.5
23410,0.5
21360,0.5
28902,0.5
17654,0.5
4702,0.5
28153,0.5
21409,0.5
28716,0.5
5678,0.5
23332,0.5
14964,0.5
28748,0.5
3913,0.5
4617,0.5
8796,0.5
16454,0.5
1473,0.5
23554,0.5
7903,0.5
17772,0.5
27752,0.5
21905,0.5
21108,0.5
12538,0.5
17945,0.5
11987,0.5
12559,0.5
739,0.5
20248,0.5
14339,0.5
16995,0.5
11704,0.5
22485,0.5
2671,0.5
20894,0.5
13769,0.5
9190,0.5
7957,0.5
29155,0.5
27566,0.5
8465,0.5
3767,0.5
19776,0.5
13572,0.5
29670,0.5
20795,0.5
20719,0.5
25467,0.5
1290,0.5
18873,0.5
23806,0.5
16928,0.5
17475,0.5
1399,0.5
4584,0.5
6443,0.5
18234,0.5
2397,0.5
4605,0.5
4823,0.5
21018,0.5
4550,0.5
550,0.5
11683,0.5
13633,0.5
24179,0.5
22391,0.5
12384,0.5
17548,0.5
19959,0.5
17334,0.5
2270,0.5
10082,0.5
11958,0.5
24534,0.5
15222,0.5
29218,0.5
16626,0.5
27908,0.5
15416,0.5
11586,0.5
15455,0.5
21043,0.5
27525,0.5
23386,0.5
3183,0.5
11905,0.5
6284,0.5
25425,0.5
27692,0.5
26768,0.5
9819,0.5
7485,0.5
14919,0.5
16704,0.5
25948,0.5
8035,0.5
13146,0.5
13191,0.5
29108,0.5
16757,0.5
10679,0.5
19806,0.5
15505,0.5
944,0.5
24604,0.5
7305,0.5
9237,0.5
19992,0.5
2598,0.5
20270,0.5
19114,0.5
20422,0.5
6545,0.5
27475,0.5
11195,0.5
26403,0.5
23667,0.5
17959,0.5
1490,0.5
28555,0.5
6932,0.5
3401,0.5
16283,0.5
13893,0.5
2875,0.5
19964,0.5
832,0.5
15708,0.5
10085,0.5
14194,0.5
14451,0.5
10560,0.5
23399,0.5
3222,0.5
